run_name,degree,signal_type,dimension,count,mean,std,p0,p1,p2,p5,p10,p25,p50,p75,p95,p99,p99_9,p99_99,p100
temp,3,action,0,46928,3.782514065860379e-05,0.00011609318862216643,0.0,2.220446049250313e-16,6.217248937900877e-15,9.008877199789821e-10,3.071567276080599e-08,5.636339342751651e-07,4.045128470631099e-06,2.1830852248772015e-05,0.00018877709964345578,0.0005369675825159521,0.001328224529864673,0.0021357437918944665,0.005168307122714877
temp,3,action,1,46928,0.00011959262641804544,0.00021526332053646907,0.0,1.1102230246251565e-16,2.52708964865178e-14,1.4741877751855972e-08,9.54816301146355e-07,1.0277805338410051e-05,4.3808435533421175e-05,0.00013186406166595943,0.0004965147610451331,0.0010795391064615989,0.0019969114572225767,0.002658469550403046,0.004542710507160486
temp,3,action,2,46928,2.7877806117044445e-05,0.00010451575523484749,0.0,2.7755575615628914e-17,3.4805491821998557e-16,1.2396030035777264e-11,2.1058402521756375e-09,1.79981699578724e-07,2.2984373566348193e-06,1.2077464884442668e-05,0.00012825723177947168,0.00046205531315971323,0.0013241786343146144,0.0023298346701116344,0.004024972798090137
temp,3,action,3,46928,0.0001360835815852382,0.0002530662938998561,0.0,2.220446049250313e-16,4.7091219812500624e-14,1.6539613767463377e-08,1.1023517426878014e-06,1.2316377568211134e-05,4.9801643671965046e-05,0.00014697967536636547,0.000568765786962866,0.001261537117766445,0.002315861356708077,0.004301391053738746,0.006874274878983178
temp,3,action,4,46928,0.00022220578547119138,0.0003790271207850416,0.0,1.1102230246251565e-16,4.9761028630967895e-14,7.201058904726663e-09,3.401598524632731e-07,8.496745012825935e-06,6.977354812499892e-05,0.0002669508916266494,0.0009678927341580379,0.0018064250214016777,0.003083338514885627,0.004511434293504004,0.00634062513836664
temp,3,action,5,46928,0.00024318790732594036,0.0003790252693026937,0.0,5.551115123125783e-17,9.00217400623404e-14,3.3971308113778236e-08,2.2319199642323316e-06,2.5529021913620054e-05,0.0001014892555825167,0.000291820027628939,0.0009921554106252551,0.001795776884752305,0.0028818650082140006,0.005574002138812598,0.007376256112256563
temp,3,action,6,46928,0.00018569428686661307,0.00031155321025807224,0.0,2.7755575615628914e-17,3.7903014060702804e-14,1.8643210555370484e-08,1.2797711882756022e-06,1.5243049453148028e-05,6.697314939387022e-05,0.00021336830671421503,0.000803403058831907,0.001508093989422231,0.0026466859331159874,0.003867843726304072,0.006701732788684064
temp,3,action,7,46928,0.00029513240825065516,0.00045158449764796303,0.0,8.67504979718797e-17,4.440892098500626e-16,2.8041569066772344e-12,4.802663919445393e-07,2.1410178872083296e-05,0.0001186150891092641,0.00037541939624946563,0.0012120996921822559,0.002135800977147868,0.0035121288459179106,0.005501709257428877,0.006275339356368592
temp,3,action,8,46928,0.00024754158191011357,0.00037091615894927345,0.0,4.1451527866785273e-23,4.39052259077521e-21,2.8855563771745777e-13,3.5235871383301413e-07,1.7717871293828963e-05,0.0001029298620502635,0.0003220538804620636,0.0009929593012874961,0.001736873062576388,0.00282278642012526,0.004093362590024408,0.005892012591313628
temp,3,action,9,46928,0.0003308518352197512,0.0005203214444336719,0.0,7.028175270928409e-22,7.287749176253719e-21,2.96280230764678e-13,4.5574327200009756e-07,2.3817288363056285e-05,0.00013285538823393228,0.0004124669420903504,0.0013444733053043709,0.0024349096013679397,0.004511147736813584,0.0064137831190442755,0.008381365469150581
temp,3,action,10,46928,0.00022956096955340579,0.0003572252207705544,0.0,6.404189643415246e-22,1.3606219225767542e-20,1.9063119138795746e-13,2.9309347897021886e-07,1.5574924980794186e-05,9.217344046780207e-05,0.0002937696873171053,0.0009227197946578059,0.001709783775656668,0.00289723656687252,0.004411359628925001,0.00594363970126488
temp,3,action,11,46928,6.403639864778425e-05,0.00015512474931725058,0.0,3.6491812936631173e-22,8.413125627681948e-21,9.545732260196614e-14,3.521872783546209e-08,1.4709871886606218e-06,1.0483532841595866e-05,5.087223129734281e-05,0.0003154371304141039,0.0007775774476766383,0.0015928185944355713,0.002206900350092815,0.0026190616175297277
temp,3,action,12,46928,0.00029228790348154117,0.0004526593489672668,0.0,3.2397170432915522e-21,8.170833550516432e-20,4.1208103010621776e-13,3.741432385240273e-07,1.8019886349474046e-05,0.000109555592326116,0.0003745231391608095,0.0012141105619093663,0.0021264039835747297,0.0034918856415261943,0.005626568295890881,0.007804649089610316
temp,3,action,13,46928,0.00014275186423973803,0.0002382501437014503,0.0,5.352938904082849e-22,1.494905564440028e-20,1.672918747974705e-13,1.8816515990616174e-07,8.396001524066388e-06,5.152324480407061e-05,0.00017493808166385919,0.0005892226868447788,0.0011510778392751222,0.0020685578754631017,0.003150755608033421,0.003764095036266013
temp,3,action,14,46928,0.00028932996917551735,0.0004977351771089262,0.0,3.1918862785745366e-22,7.174866772643773e-21,2.2160537294091313e-13,2.856384590299574e-07,1.4668460021141638e-05,9.248238612871718e-05,0.00034006364695355826,0.0012763848520015387,0.002378555097824896,0.004268601045335343,0.006529177512687391,0.008416960004906104
temp,3,action,15,46928,0.0001362850598910538,0.0003255218384367049,0.0,1.6271400193806604e-22,4.644168097991928e-21,7.900161887063804e-14,8.542980626663474e-08,3.902673289677555e-06,2.779924615602808e-05,0.00012083069296252996,0.0006158524773350482,0.00165921391418601,0.0033750316123952336,0.005708508590675563,0.006419476379329048
temp,3,action,16,46928,0.00024566709851648976,0.00039826255780116,0.0,4.544335231946991e-21,1.2384201212691793e-19,5.495603971894521e-13,3.793921355743633e-07,1.6022742911736554e-05,9.021469954872963e-05,0.0002991420246925558,0.0010256279072068499,0.0019524794887760125,0.0031738063965824513,0.004834730430341504,0.005789620555566977
temp,3,action,17,46928,0.00011235979534866972,0.0001882778141627802,0.0,9.085304078218e-22,2.1276685813366664e-20,1.3207724844366271e-13,1.589073000740626e-07,6.483075138959127e-06,4.0184285297296604e-05,0.00013859927525758505,0.00045687785746954514,0.0009120706130896099,0.001581017732517411,0.0026920652882559248,0.0035047423344737316
temp,3,action,18,46928,0.0002635661546828515,0.0004447482861077355,0.0,3.787230883197081e-22,8.670674693884377e-21,3.474887044774262e-13,3.871054749221557e-07,1.59986816044011e-05,9.165295229573989e-05,0.00031465543031983234,0.0011200052357948412,0.0021482277869243984,0.003783076334410621,0.005921168956766072,0.007132190198271715
temp,3,action,19,46928,0.00019570306557700724,0.00036628670057153406,0.0,2.7639537605751888e-22,6.910495999905154e-21,1.6397438962201202e-13,1.7841709640531438e-07,1.001027519752229e-05,6.215695361980189e-05,0.00021476758971240156,0.0008496258499269778,0.001793081535254243,0.0033890031328433715,0.00646906153006756,0.007163049047735015
temp,3,action,20,46928,0.00019237483529263634,0.00031697219096561973,0.0,4.3662808875794395e-21,1.0656357324123295e-19,4.547934725867983e-13,3.144040126690228e-07,1.3156170321854121e-05,7.31294677146499e-05,0.0002330974763594118,0.0007874406450607224,0.0015341957845454166,0.002739342509267387,0.004061331569181374,0.006046251268373992
temp,3,action,21,46928,9.767976177650318e-05,0.0001730000915997173,0.0,1.190685940260283e-21,2.6154179268050058e-20,1.773559410020613e-13,1.236095222345579e-07,5.42682954432494e-06,3.304507781060496e-05,0.00011447604564067534,0.00040546776854016013,0.0008230761799225698,0.0016547011967520929,0.0027412037531235273,0.0031736577470159663
temp,3,action,22,46928,0.0002100924834367436,0.0003309379664363681,0.0,3.9812249437716126e-22,7.950025613766021e-21,2.941945298484679e-13,3.712596650995437e-07,1.5447354802355928e-05,8.43146084508195e-05,0.00026422662640734895,0.0008445117977153528,0.001560425263569131,0.0027833034942140638,0.004403956713436443,0.006093040983292886
temp,3,action,23,46928,0.00024657224338529133,0.00042310674505037185,0.0,3.8212110842203576e-22,8.984181703581787e-21,2.812521049389005e-13,3.7261795262644163e-07,1.591982012047466e-05,9.010551648841458e-05,0.000291407791245514,0.0010295694486382235,0.002031787627298193,0.003778496214029115,0.006539211020043139,0.008091966661695982
temp,3,action,24,46928,9.167186444639196e-05,0.00015434628318840784,0.0,3.489208610725056e-22,1.1268238899551692e-20,1.2144317060156807e-13,1.1236302040751315e-07,6.18078074188233e-06,3.552257258986058e-05,0.00011227581322208885,0.00037297544114592166,0.0007174971032042776,0.001455110487787552,0.0023109784178361524,0.003469502193093721
temp,3,action,25,46928,0.00016303264246116418,0.0002534470734993756,0.0,2.8153415130162446e-21,7.419058280112708e-20,4.2403858202533144e-13,2.768917432449668e-07,1.2711424444367125e-05,6.884788527750096e-05,0.0002075692668644935,0.000644551871772703,0.0012142715111499703,0.0022015227516912553,0.003277933929867781,0.004366745820876483
temp,3,action,26,46928,8.699669481755898e-05,0.00015117002822310834,0.0,1.3908622816045726e-21,3.300211733173501e-20,1.2396021709104582e-13,1.026014216559678e-07,5.379931605455773e-06,3.073283442181843e-05,0.00010175021759550526,0.0003655770032633716,0.0007154141387604227,0.0014116177032541444,0.002210038900185715,0.0033890104808659074
temp,3,action,27,46928,0.00023630886973474051,0.00036263949339108146,0.0,3.4378490297493966e-22,8.482306320835662e-21,2.9741209495170995e-13,3.882139198607692e-07,1.855020490726389e-05,9.923263462141563e-05,0.0003020973631041868,0.0009339087807800797,0.0017376350616086376,0.002944760151910395,0.004890902692921243,0.0064680808722221705
temp,3,action,28,46928,0.00017730854250603246,0.00029826443738564025,0.0,1.1825096855489117e-21,2.64541440737137e-20,2.6990076840149845e-13,2.746745974113729e-07,1.2243110536658275e-05,6.79013667476136e-05,0.0002146160444592149,0.0007141755298710646,0.0014254011611636666,0.0026460744172448957,0.004885451728275545,0.005946480929630571
temp,3,action,29,46928,7.083010328541947e-05,0.00017906630296206532,0.0,2.220446049250313e-16,1.388666959201145e-14,1.0578806830530138e-09,4.3357947765443316e-08,9.911343754609447e-07,7.949854026745307e-06,5.111354312153926e-05,0.0003682172399616103,0.0008967185744922493,0.0017717797759510502,0.0028396802490206407,0.004565952955313035
temp,3,action,30,46928,0.0001427419718557863,0.00024391987255759805,0.0,1.1102230246251565e-16,4.7390980029149396e-14,1.6918168005419767e-08,1.065638822395076e-06,1.0833948335869925e-05,5.0004344840426374e-05,0.00016200964533633067,0.0006098156424647007,0.0012198730952825494,0.0020461279521911168,0.0025751758548893835,0.0034285638828401854
temp,3,action,31,46928,9.291315496079357e-06,6.32362546613088e-05,0.0,2.7755575615628914e-17,1.1102230246251565e-16,5.916625522850434e-12,9.573536352558418e-10,6.737743092621873e-08,9.532776107518126e-07,4.233134108015679e-06,2.7222665903076103e-05,0.00013745701996604792,0.0008826678056341995,0.0023874776961608185,0.003991978042771266
temp,3,action,32,46928,0.0001815459970921614,0.0003294114245680624,0.0,2.220446049250313e-16,6.458389378849453e-14,1.71714055530181e-08,1.1849376519545983e-06,1.4012853401301761e-05,5.9741330239115875e-05,0.00019445381482030566,0.0008032517978077362,0.0016663663097488503,0.0028133906709768668,0.004737045326917082,0.006500514614349973
temp,3,action,33,46928,0.00029384166029332965,0.00046908254347958334,0.0,2.220446049250313e-16,6.885995246230772e-14,1.4326118547014486e-08,8.213743194707135e-07,1.4865529968377533e-05,0.00010119271940367547,0.0003684249322328248,0.0012539828862627945,0.0022111895489520302,0.0034772365986142687,0.005485341063096873,0.00782189110096665
temp,3,action,34,46928,0.0003685175702716348,0.0005238397068694092,0.0,5.551115123125783e-17,1.1708412017696895e-13,4.171446369438668e-08,2.814130181200136e-06,3.289726504610013e-05,0.00015432636809065148,0.0004932783672224675,0.001465852067896999,0.0023251190043481118,0.003955101553481952,0.00641702655113359,0.008267254115406075
temp,3,action,35,46928,0.00023737443639846307,0.00038089197294749726,0.0,2.7755575615628914e-17,1.1243339592681418e-13,3.09408931364885e-08,1.6530530407843358e-06,1.7828957571991433e-05,9.02032918690121e-05,0.0002907259147078983,0.0009805027904592402,0.0018481539980866053,0.0031433965942189914,0.004471891962152579,0.005104499932778339
temp,3,action,36,46928,0.00027849561718610325,0.00042848584235503223,0.0,9.430736799358041e-18,2.220446049250313e-16,4.7806849483661945e-12,2.2441173053167057e-07,1.647051457745463e-05,0.00011003750200622164,0.00035707615541136217,0.001135445413271441,0.002025552647819097,0.003335416844932501,0.004909255019567479,0.005704403323472995
temp,3,action,37,46928,0.00024887529369620203,0.0003855787959201337,0.0,9.025888890020874e-22,2.0150509700702334e-20,2.511935104365646e-13,1.86859812379217e-07,1.4672129175083686e-05,0.00010183555694176505,0.00032064605929769474,0.0010097504156377146,0.0018397891302475873,0.00311347898896279,0.0046671838018388645,0.006013519116193147
temp,3,action,38,46928,0.00031550840330537894,0.000511307151458715,0.0,1.1468746051161145e-22,2.3760312273199188e-21,2.467956394802672e-13,2.6549625236071935e-07,1.78803536680823e-05,0.00012021071786279605,0.0003863410090414604,0.001322234926661595,0.0024316089622709513,0.004430015824020838,0.006278379419469086,0.007097399905125701
temp,3,action,39,46928,0.00020870730443362594,0.00034014513777506065,0.0,1.1637745844850344e-21,2.412064237226988e-20,2.6210977832619164e-13,1.3650619030691756e-07,1.0469667702975305e-05,7.703884980600484e-05,0.00025936814807029154,0.0008616540331251659,0.001635058737389926,0.002854168733982187,0.003992608116696968,0.005474971347076363
temp,3,action,40,46928,0.00019518762261004386,0.00041627279333719295,0.0,3.4639675209516606e-22,8.136580994756106e-21,9.003818856270799e-14,4.089662796677438e-08,3.028614837394944e-06,3.055680317842757e-05,0.0001856219450231955,0.0009614531710277075,0.002067455174244712,0.0038707886368392237,0.005953558249248087,0.008120678365894585
temp,3,action,41,46928,0.00030579629764705983,0.00048542606144986257,0.0,3.5035979230578516e-21,8.168845400991101e-20,3.9913514348298487e-13,2.1220094497120807e-07,1.5019835313379026e-05,0.00011217944653807432,0.0003813622749399559,0.001295614169891625,0.002294295173374821,0.0036703132789492623,0.005719925889065555,0.007399001256919835
temp,3,action,42,46928,0.00013130283914042818,0.00021092454059313796,0.0,1.0072253116082978e-21,2.3937987230488655e-20,1.6732240593064746e-13,8.315356294710805e-08,6.92388229629054e-06,4.94165825608503e-05,0.0001649998924012179,0.0005435085911176284,0.0010128552904923106,0.001766174410522419,0.0024084044666162884,0.00394817753395342
temp,3,action,43,46928,0.00022764707987757172,0.00041300316545433367,0.0,4.41207513558825e-22,8.256679174612614e-21,1.3015422073436857e-13,1.2238494816324537e-07,8.67597879999904e-06,6.755729547339162e-05,0.00025455256638777166,0.0010204145631949645,0.0020163702527805807,0.003547820342706623,0.005450207497437004,0.007797100768991511
temp,3,action,44,46928,0.0002038758273019814,0.000419073415654241,0.0,3.959717968167853e-22,8.949758850704677e-21,1.0374361047478067e-13,9.590379874135911e-08,6.86992809715084e-06,5.23726946633149e-05,0.00020068762559866463,0.0009382182061296211,0.0020814563773320074,0.0040985766612693045,0.006017695956172094,0.006845762885219486
temp,3,action,45,46928,0.00014331908345287733,0.00021073503023314924,0.0,2.5710340922038066e-19,4.988467606602812e-18,1.8441359550536143e-12,1.4780088444243942e-07,1.040427895487861e-05,6.530446984509553e-05,0.00019188839378464495,0.0005392189851892049,0.000985475262597529,0.0017980823074796634,0.0028701116722152503,0.0040555382787514915
temp,3,action,46,46928,8.54236514500401e-05,0.00014428296822172033,0.0,6.648721812573983e-22,2.044932489476862e-20,1.162611673599652e-13,5.652848684770116e-08,4.436216470748468e-06,3.2042324544257275e-05,0.00010487570473283539,0.0003498150288530215,0.0006694416334030108,0.001366191720669987,0.0020579113206442507,0.003367708527339343
temp,3,action,47,46928,0.00020260679972939724,0.00031091397886770934,0.0,5.496239056534598e-22,1.2701664102571231e-20,2.3269441928874794e-13,1.6804102568324084e-07,1.3370684462388205e-05,8.555321873326971e-05,0.00026284730003742207,0.0007960215703306964,0.0014641436193941807,0.0026554477754362434,0.0037516725250347827,0.005341867054898808
temp,3,action,48,46928,0.00016631978480312863,0.000276407602267617,0.0,5.700935976511878e-22,1.1150873869375575e-20,1.8533963237266992e-13,1.4743214293844173e-07,1.064693969637931e-05,6.614586400777167e-05,0.00020623185600096572,0.0006567000709750138,0.0013015768183455183,0.0025891569733116787,0.004438499219950787,0.005600755077925457
temp,3,action,49,46928,7.869872992390535e-05,0.00012780364906805252,0.0,1.7965216587697535e-19,9.213215849870711e-18,1.1597389715234377e-12,7.285619123553743e-08,5.199416483192554e-06,3.4433944532175076e-05,0.00010353253168571275,0.0002904490449270326,0.0005855495797823986,0.00130978303242292,0.0021057397899654725,0.0029610346979914437
temp,3,action,50,46928,6.795985821208213e-05,0.00011568039167487255,0.0,2.1832094013029683e-22,1.5047789304759083e-20,9.135817102823285e-14,4.633644123258616e-08,3.6470623181426853e-06,2.5358045078471836e-05,8.300781238991528e-05,0.0002736450695167016,0.0005490563121586431,0.0010537864801543576,0.001656036676718007,0.0024592764770823006
temp,3,action,51,46928,0.00015246526789349893,0.0002136677958539949,0.0,5.376555705543256e-22,1.2857542758516469e-20,2.7739730402109577e-13,1.541824124151603e-07,1.2266694400520084e-05,7.38405027231881e-05,0.00021147229551843338,0.0005593987795209479,0.0009897413894135844,0.0017764144892880986,0.0026486202230153583,0.0029276320061693006
temp,3,action,52,46928,0.00014999065136602418,0.0002106109937622182,0.0,1.0024207053175464e-21,1.5802454066289456e-20,2.490348205430588e-13,1.530528521032081e-07,1.2086775455111276e-05,7.39164810488191e-05,0.00020987132293187605,0.0005405393212067458,0.0009534500537126548,0.0017846412614598319,0.002941705397807866,0.004284950123071951
temp,3,action,53,46928,8.389490010303178e-05,0.00013620808672410107,0.0,7.137681490563164e-22,1.4466075123790588e-20,1.0037445296971242e-13,8.494220202909242e-08,6.186782588728235e-06,3.7689653341964335e-05,0.00010665699686752267,0.0003171748068556955,0.0006348206720538865,0.0012512384671831195,0.0028326488616976816,0.003275691598513847
temp,3,action,54,46928,6.256636228416814e-05,0.0001189750113574245,0.0,9.223665819249874e-21,1.2576704602312503e-18,8.29025736948095e-13,5.2074713774441455e-08,3.929400757607393e-06,2.578477769865639e-05,7.574868881699004e-05,0.0002342377183065393,0.0005139355634158022,0.001399842354498067,0.00244669775379197,0.003105812732917379
temp,3,action,55,46928,7.036248812285746e-05,0.00012188522918306261,0.0,3.434464048533073e-22,1.8777658148411828e-20,1.080274758535892e-13,6.012995816817579e-08,4.230825965748086e-06,2.7038378273898378e-05,8.523628554550286e-05,0.000280342018246542,0.0005822896296176218,0.0011554525448914576,0.001967164374060352,0.003042690245635138
temp,3,action,56,46928,0.0003130406066080175,0.00043118548647334793,0.0,4.311453569459128e-22,9.70401003436081e-21,3.5138503479520497e-13,3.0777292227002195e-07,2.5983947238156224e-05,0.00015863048887732045,0.0004368377543759461,0.0011224940025426568,0.0019658296842750282,0.0035911204006520052,0.005881028575596222,0.007439242397915047
temp,3,action,57,46928,0.00012261879372155128,0.0002798110697670088,0.0,2.7089317411459894e-21,4.652653649781955e-20,2.530357457671101e-13,9.44226362209477e-08,8.11789736876456e-06,4.929509512707764e-05,0.00014153724978244187,0.00041524960103708227,0.0012285585429208496,0.0035223970778493624,0.007460531768153152,0.00841665054178553
temp,3,action,58,46928,3.17368053894944e-10,1.8865238142721108e-08,0.0,0.0,0.0,0.0,0.0,0.0,1.1102230246251565e-16,2.220446049250313e-16,3.3306690738754696e-16,2.2442936398195316e-13,2.919313249806292e-09,1.418157916829931e-06,1.6579013828454947e-06
temp,3,action,59,46928,4.07589952905211e-11,3.3109416076734256e-09,0.0,0.0,0.0,0.0,0.0,0.0,2.220446049250313e-16,4.440892098500626e-16,6.661338147750939e-16,1.4943601911454607e-13,4.7717260365238846e-11,1.3925531879955008e-07,5.09394820324971e-07
temp,3,action,60,46928,7.793189313926641e-05,8.931757636814577e-05,0.0,1.1102230246251565e-16,4.440892098500626e-16,4.1221925872747524e-11,2.851676459969531e-07,1.2477829480217473e-05,4.846885671910828e-05,0.00011180490201903592,0.00025888746864388137,0.00040492030120559185,0.0006025085455172691,0.0007199800191361589,0.0008059152690063076
temp,3,action,61,46928,6.823679215512954e-05,7.812135752036468e-05,0.0,1.734723475976807e-18,1.6020171300645798e-16,3.0276211702637276e-11,2.6174574851872166e-07,1.1003443529013961e-05,4.273029819081963e-05,9.879326521799328e-05,0.00022377750761078618,0.0003465966027868206,0.0005401578966799372,0.0007672330672992644,0.0009011084190315745
temp,3,action,62,46928,0.00010919475907026895,0.0001324211122796302,0.0,3.469446951953614e-18,3.493733080617283e-16,3.888313811385759e-11,3.842172062432438e-07,1.673912294927602e-05,6.518038091749348e-05,0.0001526182996200679,0.0003672282694705131,0.0006077865112353302,0.0010182499195129798,0.001298752308112032,0.0017030314423230435
temp,3,action,63,46928,0.00021216839221373018,0.00027064860421942733,0.0,6.938893903907228e-18,7.319154519202979e-16,4.6454830879338966e-11,6.314976911910192e-07,2.9823882403685062e-05,0.00012172318457856837,0.0002891618783284564,0.0007378268044298102,0.001242211118616257,0.0021600884856951734,0.0027950880320994475,0.004570587359143188
temp,3,action,64,46928,1.4873371263528895e-05,0.00010872070093321959,0.0,0.0,0.0,0.0,0.0,1.1102230246251565e-16,2.220446049250313e-16,3.3306690738754696e-16,1.3486415279878722e-05,0.0004557506433465681,0.0013177258089902251,0.0026276527635868993,0.006881973977877709
temp,3,action_acceleration,0,46928,0.15225648764074462,0.6366270602147972,1.9984624320925363e-13,1.7338578852374892e-06,7.086049795316878e-06,3.5069019016560224e-05,0.00013221782102012912,0.0009247527050879987,0.005878210716537725,0.046622200794368476,0.7135681659919647,2.8601582856872643,8.712722068045656,13.27129334949094,14.30334078904107
temp,3,action_acceleration,1,46928,0.40192111079233883,1.808380443937252,1.4918721926915225e-08,2.8935194362706847e-05,9.776335938292116e-05,0.002041507553439075,0.00629878862188602,0.019824071932174225,0.060181964636304125,0.21223240062025348,1.813568111431035,5.783340643882944,17.153604315602394,80.39901183648468,105.93108707644826
temp,3,action_acceleration,2,46928,0.09741461618255609,0.4638816473006788,0.0,7.172448308734751e-10,2.055791081477748e-08,1.45310262817657e-06,1.729014178888728e-05,0.0004073796372499904,0.0034928626834009064,0.02486007851968778,0.41903601677992175,1.8901349129353069,6.847561784057979,11.091947632339712,15.490515890088208
temp,3,action_acceleration,3,46928,0.4380306127921984,1.7959184596963327,9.261107709558919e-08,0.00011028764286000618,0.0003145267093046057,0.002250001426187966,0.006866119640184959,0.022500859159767524,0.0685526260004028,0.2287366160766374,1.8367946460999565,6.754837089001488,21.519310091539946,72.0041273524319,94.87260545022535
temp,3,action_acceleration,4,46928,1.0315323994926877,4.438061785934181,4.340803294589723e-10,8.016448655359403e-06,2.8744406515274836e-05,0.0002301625520218399,0.0016759767545960372,0.01838279628009999,0.11095156176689192,0.47983187624162893,4.645769678290434,17.223177191604275,49.128318315263265,132.45227498688408,285.5975278830654
temp,3,action_acceleration,5,46928,0.8737567979773916,4.069265037840737,1.370508492938666e-07,0.00015076437149444437,0.0004828453511752778,0.004467956574685752,0.0137860894968472,0.046062553429936384,0.14493276198051175,0.47074387602621903,3.410974081511067,13.35415903783851,46.77318807499963,157.98289997083262,204.16875328032492
temp,3,action_acceleration,6,46928,0.7837162188034227,3.2044871684473653,1.2348017460679769e-08,1.8344367268851506e-05,9.98191051928475e-05,0.002675742133840304,0.008013776921009694,0.027723936979000732,0.09629964354799651,0.3586698951041718,3.3734257078108074,12.77578046677022,40.9738550807019,97.7251507920921,117.0127228623602
temp,3,action_acceleration,7,46928,3.034653453733048,32.5407698438667,4.450087938062422e-19,1.3717176429371978e-14,3.753415703318607e-13,0.0010648352465572795,0.006113790418196773,0.040175463296870564,0.1915099057070258,0.7574569392500857,9.057706522570705,34.58276655200865,535.4756155277461,1238.3987664096537,1254.6082457021034
temp,3,action_acceleration,8,46928,1.3885152564606313,4.982269704408352,8.559859264384956e-26,1.1325959231016338e-20,1.3123633391559499e-19,0.0006794773055775362,0.004502467927265519,0.03238431904774699,0.15928154112176263,0.6004159745554603,6.748116220315077,22.974523218844308,59.746106047350615,119.70694641619802,178.8368498215003
temp,3,action_acceleration,9,46928,2.23818526828836,10.186820593067036,1.6773553970314392e-24,2.364952477059144e-20,5.299064591593814e-19,0.0009998205481803002,0.006572846272374837,0.04334234693912083,0.20912041169804488,0.8192870804422365,9.61923277000902,39.22858469814434,144.71398564843594,289.0429935782616,422.3923343161179
temp,3,action_acceleration,10,46928,1.3284496269220332,6.553824378569947,1.5116803451891774e-24,6.020233158479393e-20,6.239708012885438e-19,0.0006408606395513651,0.004096016222641803,0.029459705586725185,0.15017230223260702,0.5562346229832669,5.752693610903177,20.120825127067718,86.80313706761316,236.99557516829984,279.5439987167703
temp,3,action_acceleration,11,46928,0.6521587270839643,3.1762179839936113,7.660162447936936e-25,2.2937211569555652e-20,2.180249777541149e-19,3.8093111912693674e-05,0.00026623707794566853,0.002378076793115933,0.016039281061190017,0.12233003337703799,3.0844376910696987,12.809066975561706,38.132084985915974,83.36393184940023,88.06579826731243
temp,3,action_acceleration,12,46928,2.9979481229388965,35.40167339428548,1.3058129545048862e-23,4.061832819402195e-19,4.247811008822851e-18,0.0007313602630316256,0.004506647730235919,0.032431837797932,0.174937718483391,0.7430428456169806,10.145293626107268,36.58187860875255,190.08121401364647,1575.6855454268593,1736.096968799544
temp,3,action_acceleration,13,46928,0.930990500215308,5.268377961633119,1.3096470001246566e-24,5.705881185692649e-20,5.566253082070431e-19,0.0003231567078313567,0.002012437567643946,0.015750430579080932,0.08249732743186483,0.3469522044130411,4.315790608693997,13.94507561976022,55.071002071750414,215.3766762928821,228.9835321648778
temp,3,action_acceleration,14,46928,2.2542894750344424,10.687958853263481,8.751147678202026e-25,2.6343471152859042e-20,2.657056512135795e-19,0.0005443138729968102,0.0035929846834869736,0.026298434590914438,0.14726679580724117,0.6745914563984869,9.810887735283993,41.96423287239744,144.6977340654898,299.7918503149265,409.3933807182475
temp,3,action_acceleration,15,46928,0.9451141158144223,5.1247380050511016,8.859771276438806e-25,2.6626722719560208e-20,2.6898837616765523e-19,0.0001270764359994292,0.0009252104569247529,0.007560632474950835,0.04842436949904099,0.2711840630283538,3.4219629158431117,18.878306713957652,71.6385128536409,136.36815835522404,239.01902089961033
temp,3,action_acceleration,16,46928,2.9522310291246097,35.06782639444065,1.1401389231371007e-23,4.554880240821374e-19,7.619646043248721e-18,0.0007656184956987791,0.004004430774122142,0.027487737018854805,0.1427507427560043,0.6235016393428352,10.07603022132522,36.40194278852614,223.75264016436327,1675.7463008941884,1731.413548628123
temp,3,action_acceleration,17,46928,0.8710195058861745,6.689484415938255,2.1445454257005063e-24,7.830758667560374e-20,7.569657458136751e-19,0.00024055650627818382,0.0016056476880359537,0.011585797614188814,0.0644517112109109,0.2718691722916486,3.805185046107971,12.064692826746839,42.55193098403392,294.9751577781605,302.84229814485866
temp,3,action_acceleration,18,46928,2.1800355438467736,9.24969306988541,8.172523154118592e-25,2.8881685034396546e-20,2.698226326254241e-19,0.0007517951753949458,0.003938548245628709,0.0276644486662509,0.1472420910717422,0.6736495786192901,10.526771674051938,37.80461290875106,109.89286452335624,270.22252394210386,290.18336635666645
temp,3,action_acceleration,19,46928,1.3726607300110798,6.4634968406735345,7.779681301697492e-25,2.743285946273418e-20,2.611543374006741e-19,0.0004302372866953818,0.002782584330143873,0.018439779326276495,0.09994054164387646,0.45790190512602674,6.258281770403616,23.39160944363527,86.18172316384108,226.4001446817944,288.60926462748495
temp,3,action_acceleration,20,46928,2.5248511802949807,34.23400449382639,1.1418004087631889e-23,4.0886005068911053e-19,4.044298296111677e-18,0.0006048331354830759,0.0033440678124876636,0.022673050953749115,0.11499139827156461,0.4698926701400535,7.29745858260872,30.95282381284526,198.8579801133693,1622.966846898127,1694.9218903243388
temp,3,action_acceleration,21,46928,0.8745358468004265,7.651328958123111,3.379055390744039e-24,8.984436489262152e-20,8.470213018598146e-19,0.00021047516844391678,0.0013134807797733864,0.009576117365885421,0.052886805635411115,0.23717291329295218,3.6249020663239095,12.260782035485807,48.18342630082942,350.8563850186157,362.7359081001731
temp,3,action_acceleration,22,46928,1.7618222982399927,10.011066227083248,7.984193217318344e-25,2.8138373745860524e-20,3.5697142056700176e-19,0.0008011216603553569,0.004482240864293937,0.028894295659714485,0.13759038335409735,0.5325762081870111,7.058757095032699,29.14204912076263,133.27204819039727,352.62588670730497,537.8423312704967
temp,3,action_acceleration,23,46928,1.5107199787156755,7.062486935261169,7.971717471100918e-25,2.6701086850463408e-20,2.6467732332952346e-19,0.0008611843348845591,0.0049838419964536905,0.031027646676151346,0.15226805310055214,0.5739172045355359,6.6084237956017615,25.596015679387875,93.24960991522858,201.85340627997735,415.2757759941325
temp,3,action_acceleration,24,46928,0.6217240490195322,4.098110378642107,7.604330860710231e-25,3.91785282819026e-20,4.913738599113669e-19,0.0002576876844367713,0.001656669439468403,0.01219384368904745,0.060521677452682256,0.23125746313861534,2.492312524372017,9.548627736663166,44.80779468622909,166.768225172244,262.99813013108565
temp,3,action_acceleration,25,46928,2.132213992759939,32.353665196073344,1.162090605619122e-23,3.8640765412784874e-19,3.888626245530344e-18,0.0005791542946396035,0.0034310710356454483,0.02302293983815587,0.10822042727170877,0.4074247040865017,5.640515399502089,24.83736055227574,134.32642249428991,1482.36506026397,1544.2845816730744
temp,3,action_acceleration,26,46928,0.8038357542147117,9.02771395148355,3.6786835911711005e-24,1.0755821375045949e-19,1.0547658857406257e-18,0.00019477654632951423,0.0013741294111601992,0.010329291227547525,0.051471976240562184,0.22182775070464236,2.6805298863721334,9.821247949399917,63.67384016851283,408.11467665476147,476.1149311652127
temp,3,action_acceleration,27,46928,1.6155942154038607,7.001378106163742,9.836202525977063e-25,3.088266606371115e-20,3.021938832102046e-19,0.001079378884290319,0.005811990263504649,0.03511744946504859,0.15772524243339475,0.5784667020937457,6.93665364739851,29.39933237327894,99.43181774919843,201.41903975315,251.38622325675297
temp,3,action_acceleration,28,46928,1.681786258852269,17.312082333296352,6.74284973981652e-24,1.3674011602603803e-19,2.09193618211137e-18,0.0007775785266538817,0.004081392196983697,0.024129374899193548,0.10899467801057139,0.4070023661314651,5.241358724784737,25.46495822438245,147.5401027412799,854.6038249371832,1089.7020577062128
temp,3,action_acceleration,29,46928,0.3062934091467788,1.21456864319484,5.99538729631456e-13,3.9984878040351935e-06,1.2948153274749753e-05,5.0651215260337685e-05,0.00019729094099254428,0.0016590035456396524,0.012874863152880518,0.10021829446984748,1.4698144285708452,5.7729327256439475,15.480015014140612,22.770596707715818,35.64603892317909
temp,3,action_acceleration,30,46928,0.4507515433267107,1.523468491571651,3.316989817465794e-08,3.809809348332649e-05,0.00012031194760903064,0.0023751845006314814,0.007155893391427028,0.024267155310164344,0.0749819949213793,0.24490186079765777,2.0894172699016673,7.038081187432688,17.095441538050107,44.668760209589614,59.35807526942081
temp,3,action_acceleration,31,46928,0.0375212877901395,0.3331470909847842,0.0,8.274948631341054e-10,1.6496485828822933e-08,1.5257251333752338e-06,1.3260423163539042e-05,0.00019003678148040982,0.0014955167042774774,0.005806320100507317,0.06279934498596601,0.6767878289961201,5.777371364983619,10.575766665115928,12.015251281000909
temp,3,action_acceleration,32,46928,0.5420280960401597,1.984834784405433,1.356125167282677e-07,0.00015131400758655727,0.0003832044519919771,0.0028644831616520747,0.00863963722366626,0.0289411867158294,0.09013337384546749,0.2844972961280537,2.2840397864567876,9.098758389293332,24.520824010800006,49.73195834396266,75.9120055853524
temp,3,action_acceleration,33,46928,1.4971496414418157,9.602498731579086,2.0609832587032927e-09,1.3306014991632599e-05,4.1000119572702956e-05,0.0014051582003069202,0.006462984889210548,0.03413060626400343,0.14803169183260548,0.5749114529438685,6.0535495947911535,23.401402961066776,93.52422429941622,445.5525929554012,616.698029765433
temp,3,action_acceleration,34,46928,1.3387332356557957,4.869310316967732,1.5414442584497046e-07,0.00018453042273264403,0.0005097877162450694,0.006248342671158771,0.018976468092507588,0.0677954034211608,0.22235283310806714,0.6919027132359461,6.268761159404289,20.636557862390813,60.49352306080871,140.93320318711756,194.13912275450235
temp,3,action_acceleration,35,46928,1.050902569111308,4.463039031257219,6.905019772861266e-08,7.474873758220288e-05,0.0002126471862101743,0.002652977571947244,0.008627196715166785,0.03491665224822858,0.12711718963886626,0.45048081320711864,4.455023337410109,18.019789488263477,56.98802528463671,137.07334060482924,162.52308654380457
temp,3,action_acceleration,36,46928,2.813982571920463,31.79284477579481,3.1370315952348353e-20,2.1835829207699173e-15,6.677928264089137e-14,0.0007076070746229862,0.004864720829042548,0.037507500350374354,0.1816510131793846,0.6647303131521796,7.711676271225621,32.32976862186991,532.2736350554906,1235.3316157852469,1248.8676058716358
temp,3,action_acceleration,37,46928,1.291570496881046,6.542586511551039,2.238214409241277e-24,5.862467510888044e-20,6.405669553623673e-19,0.000568394481765541,0.004119253472879971,0.0336203994673967,0.1599733048875861,0.56176916924121,5.601808011282416,19.62580884778871,82.07015222986355,238.06073862020938,301.86314219289346
temp,3,action_acceleration,38,46928,1.8583050787043025,8.636734237801788,2.9550287999715704e-25,5.480942730795694e-21,1.599305901927087e-19,0.0007723461059243528,0.0051544487315457995,0.03865488355063301,0.193879968014457,0.7359037529438373,7.85421730439568,31.59777700124188,107.15033623628668,240.7716599609711,523.0024143475664
temp,3,action_acceleration,39,46928,1.2105039258395751,9.483702796997337,4.164724866046987e-24,1.0183461252231433e-19,1.0776433179765377e-18,0.00038313458494340386,0.0025674542428688082,0.024931537552651387,0.1281149433894569,0.48278296035285395,4.658276970231822,15.978173525535405,93.5531960095955,425.2248082624612,442.98630411060856
temp,3,action_acceleration,40,46928,1.3004842161820598,6.381294146213704,7.814237269726338e-25,2.455622705432257e-20,2.3330105162044746e-19,9.365816397860262e-05,0.0006879370231518918,0.006813508908535225,0.05535742199142661,0.3622772044709462,5.464062692412315,26.145776836392333,83.41926039710397,172.21589968987934,361.7452385929664
temp,3,action_acceleration,41,46928,2.656334088700303,34.79135543530948,1.3306417859148672e-23,4.167069001047417e-19,4.0975494542849556e-18,0.0005284966564261192,0.003949512939824911,0.03481836678653672,0.18276244325674118,0.6986947660777821,8.295567043293083,31.84093595614072,136.09341652175917,1575.9936780658306,1688.576298583564
temp,3,action_acceleration,42,46928,0.8899918038413412,7.60641991556963,3.0825450915622356e-24,8.874104043031441e-20,8.90692007678013e-19,0.0002535132769398716,0.0016348826937260437,0.015630494537337475,0.07898253177953944,0.29703910442802356,3.3671034307966896,12.688072787262056,57.08854210288611,329.32221373709166,360.30921445228626
temp,3,action_acceleration,43,46928,1.4778057662726483,6.498340744599719,9.38798085842772e-25,2.9565726715216485e-20,3.403364011305883e-19,0.00026056403644415246,0.002066194568891028,0.019972373866244824,0.11232249425084367,0.49231091754710327,6.592334297635802,28.21336575985206,93.23142406233421,160.42580777120136,225.47665306621417
temp,3,action_acceleration,44,46928,1.4457132587749335,6.604988544454252,9.346737305203071e-25,2.8471453447627444e-20,2.740853594635316e-19,0.0002444907849019918,0.0019099957861107944,0.015971136663413675,0.08688730652694007,0.3907164691625025,6.087440491720754,30.287153225570222,94.95204683591422,139.84707535625847,221.46954533872045
temp,3,action_acceleration,45,46928,2.116203509960789,30.322759788807534,6.059812602883215e-22,2.1732776070456072e-17,5.316390647527154e-15,0.000502223387942101,0.003182000320931214,0.023980954118899653,0.10239572161656513,0.3171762073416729,3.055635120769093,26.713162899900237,516.319686417936,1227.3987118981188,1454.5411760566637
temp,3,action_acceleration,46,46928,0.7198284766366932,6.087438526851038,2.6046976693549776e-24,7.033049767214731e-20,6.810835233972258e-19,0.00014630715330284726,0.0010658349867060295,0.009862034429774635,0.05072977575683531,0.1905558636580994,2.558229959384154,11.455137903117762,57.48388784263441,275.3163985163499,287.21646615582836
temp,3,action_acceleration,47,46928,1.1840965859296373,7.72584497979797,9.990805385455163e-25,3.7104197850996033e-20,4.287173555418844e-19,0.0005779322473038109,0.004002533845829493,0.029869243326157632,0.13865888606423443,0.45437146901167885,3.8326968872775558,17.94958506451327,114.6031199499747,252.307526586121,570.92490397746
temp,3,action_acceleration,48,46928,1.032431327672569,7.04575011353394,9.959869958135326e-25,2.9592033152916355e-20,2.9350063957956263e-19,0.0005754250996558804,0.00363556208321333,0.02363397386534707,0.10633653611011283,0.3518997796746469,2.9113221927080892,16.153247184036537,106.8099438158367,224.78423787484064,335.64092317445943
temp,3,action_acceleration,49,46928,1.9203235593441799,31.884405829854064,6.120491284995751e-22,4.532423970554586e-17,7.558824433303544e-15,0.0002460665964859365,0.0015375353287777568,0.011995719714945395,0.05403053517672476,0.16724045458113407,1.5892644001490879,21.94806317881184,521.8225289508695,1241.5181899985728,1799.963228617006
temp,3,action_acceleration,50,46928,0.588412335265047,5.142103925710116,2.3784462416028322e-24,6.10817473353232e-20,6.096817098804297e-19,0.00011882788984966332,0.0008940445316875353,0.00789676118794749,0.040423212477886175,0.15376067364499468,2.001137965497037,9.598546786556332,40.078592509132754,251.95297417974655,266.7916975320109
temp,3,action_acceleration,51,46928,1.1755223995063082,10.907737286123886,1.7736487533077563e-24,4.190817519652209e-20,6.316884751744675e-19,0.0005513429230848336,0.003651058216230814,0.02771075353221874,0.11415129459354197,0.3353325645848535,2.6626593269121295,18.5862348851641,134.34726922027184,391.8176945084501,909.4146803086547
temp,3,action_acceleration,52,46928,1.0725749635205493,11.0905309099416,3.2749009498184825e-24,4.3853060614628614e-20,9.446537441087913e-19,0.0006193043669056072,0.003891226839695538,0.026512064077838245,0.11363994608305607,0.3233620254969211,2.462044558567965,14.069323440516545,134.64910362424982,449.9848521986632,889.589927702623
temp,3,action_acceleration,53,46928,0.523475320369929,4.7453524270458125,1.6848178177551966e-24,5.634039684119036e-20,5.027973868488663e-19,0.0003049681623767258,0.0020261731782907234,0.013478981961816842,0.05794843197993531,0.19117318646215775,1.604131646211091,7.449723988805995,35.93084974051419,212.6593216272807,238.97810395599137
temp,3,action_acceleration,54,46928,1.7987361557961044,33.81872373514636,1.5484813402302427e-23,4.568346683724584e-18,3.4846037961200203e-15,0.00018555514158059713,0.0011529366503611766,0.008655653050439924,0.03879205244262954,0.1280199658274842,1.3324398628587892,21.249396992005543,503.94377787054225,1576.2219545150765,1771.4334899153564
temp,3,action_acceleration,55,46928,0.5381534574028884,5.248697264087822,2.3613833313133482e-24,6.441556642182015e-20,6.493621513424855e-19,0.00018671121100676634,0.0012262948824942892,0.009178282203741473,0.04328640082541589,0.16031265235448444,1.6047124481313695,8.257803720991369,37.71446962547075,255.8701647466066,285.14908844522535
temp,3,action_acceleration,56,46928,1.3900428258866897,6.749305531519675,1.0170625545191478e-24,3.403155213111101e-20,3.165083579548008e-19,0.0010742324184865695,0.008000627594356631,0.057375156124691344,0.23772201795679038,0.6882698995512302,5.029768086220032,21.64831912882789,96.70072761253726,193.55694731869698,437.03678689438476
temp,3,action_acceleration,57,46928,1.3570948250501604,20.833229424989305,8.81892205478159e-24,1.6959128092444429e-19,2.3076829737377522e-18,0.000374101443616095,0.002681984209042041,0.018262072790353856,0.0739298832907907,0.22637648889968384,1.8917448900639402,18.352667733895967,195.66960526414385,1015.6342990846251,1343.2679026614667
temp,3,action_acceleration,58,46928,5.976582565039682e-05,0.0026795141943578345,0.0,0.0,4.0817402459151417e-17,9.99449479574247e-16,2.7067867399044604e-15,9.691071970863448e-15,3.996924864186752e-14,1.8006091110313e-13,8.393542214792246e-13,2.893037120575251e-10,0.0037700997976276244,0.16812992291520024,0.16863509402549376
temp,3,action_acceleration,59,46928,5.862622246119524e-05,0.002672637359310062,0.0,0.0,9.56515950279913e-27,1.6013907965849157e-15,5.031991658307436e-15,1.8798834936538214e-14,7.657496592719459e-14,3.481860660500049e-13,1.6487315064770478e-12,1.6996458862939786e-10,0.0030884967266494438,0.16795164261226242,0.16835578922536448
temp,3,action_acceleration,60,46928,0.17169321208479527,0.3854541029909865,5.7547632232811966e-18,1.773531743451524e-11,6.18172940211958e-10,0.002480781322932331,0.008264335664507511,0.02641181632766148,0.06577575776908706,0.15329805783159767,0.7169626691066486,1.5191051054410143,4.255586703898829,11.261279310566705,13.471970471105221
temp,3,action_acceleration,61,46928,0.14352699714206163,0.31381555374884695,6.6848734003839e-19,1.2128767771482332e-11,1.726953899359862e-09,0.0020707200591838326,0.006732088644010264,0.021941516234735746,0.055127283171196355,0.13109642190512952,0.6269106220971107,1.2363588434833277,2.639478472090188,8.429651295842744,21.281423720522337
temp,3,action_acceleration,62,46928,0.21533652758631106,0.3758123616885544,5.059134273626066e-19,2.399698702741513e-11,1.1220280301585614e-09,0.0033375553188999814,0.01095902289986371,0.035474501857554186,0.0886279450368967,0.21320084172464218,0.9191408235978057,1.8092572833651923,3.2387478292113783,6.862426323710702,11.661925261666301
temp,3,action_acceleration,63,46928,0.4172611413175427,0.8465235119387315,8.60072131455717e-18,3.409056512228701e-11,4.1471501714228624e-10,0.006967627880281007,0.022147183755890313,0.071764250038659,0.18262160774040043,0.43519504972709705,1.6464701305089804,3.321545777132743,7.225699619116069,26.54105250579632,50.94971215621045
temp,3,action_acceleration,64,46928,0.15009000750397036,1.896295235421809,0.0,1.7435968394565064e-26,4.884615234213445e-16,2.027038583844232e-15,4.996156080233583e-15,1.7633492047883007e-14,8.002732813549836e-14,5.200019700408003e-13,0.2211712583992607,3.681433353082268,14.662603154275507,93.213625843428,134.95198212861303
temp,3,action_jerk,0,46928,8.561210781320224,37.25164915738269,0.0,1.8138489749447568e-05,5.88109309597484e-05,0.00037531334614254605,0.002542942575206103,0.02733699654069631,0.20753752107920098,1.9450607287076207,41.40365748549447,167.98600060724937,509.67504360327035,740.4770127967247,867.144546026997
temp,3,action_jerk,1,46928,22.356035511678733,106.73731852431848,1.1352323819854582e-06,4.160608178887389e-05,0.00019106677738707617,0.06217706500468511,0.18774431038219397,0.6162576628928664,2.1165272695036492,9.628492313258093,105.05876494338868,341.6409950417993,1017.5775389017383,4431.032991103424,6613.512775579903
temp,3,action_jerk,2,46928,5.4128264844246,26.838693475538445,4.7810054343594347e-14,2.1045540952141875e-08,4.211159315050387e-07,3.0986507416085174e-05,0.00022739418812762411,0.010674497525494396,0.12196350831661013,1.0831719485300302,22.716534230323617,110.67536638797077,382.56378233783147,654.152249653715,975.7462189110363
temp,3,action_jerk,3,46928,24.23963854033754,105.80169194530892,4.62651159194305e-06,0.00018528509772435008,0.0009107862771884595,0.07242060862633512,0.21307496721172284,0.7060856978833784,2.4091158221363456,10.356234555709944,106.02975028013897,398.89058727828916,1215.9663178626233,3971.960740289949,5984.2264473021005
temp,3,action_jerk,4,46928,58.40431530992534,262.0296989774268,2.63734782001209e-07,3.710472990671127e-05,8.677327199263645e-05,0.0036378879618883145,0.04307698202883445,0.5223765469761877,3.862216881526419,21.33272960203437,275.767844206248,1032.7666665107797,2937.0178099589934,8868.307323485144,17886.327237882117
temp,3,action_jerk,5,46928,48.41260378247003,240.1456319612808,1.0350571182836945e-05,0.0002660211438842087,0.0011768196586413085,0.14179429188716108,0.42280971031081255,1.4647289778773873,5.1899328828357465,21.16758021164683,200.02120961511545,775.6434614704343,2665.826877999332,8883.5390716527,12686.097737199401
temp,3,action_jerk,6,46928,44.07347773586295,189.27336568371146,9.361402149792841e-07,2.6261107874207252e-05,0.00017110956543241713,0.07879242875702908,0.23288683652044853,0.8600471054469949,3.3991534566132,16.487505532176982,196.1855423888854,755.6134832815954,2515.3218945246936,5372.818434771059,7065.340424796498
temp,3,action_jerk,7,46928,177.27970372498825,1921.9297681970806,1.35640540460383e-15,3.137769174192391e-14,2.0161629879669383e-13,0.019088486575509735,0.11571685286130477,1.3770108756350463,6.763108018791673,36.433749822812906,535.9546293273497,2035.5863082465867,32745.84446432851,78321.44791845632,79653.9101263488
temp,3,action_jerk,8,46928,79.52971185042007,294.2138002609809,1.975966955701639e-23,3.8014098785299197e-20,6.062730720877166e-20,0.011584047108964332,0.08968527983523711,1.1634264687140177,5.652891508778641,28.811797399806945,399.7445008416825,1371.219142064829,3553.0174938052896,6836.315361552357,10990.437103714385
temp,3,action_jerk,9,46928,129.08400712007912,600.4407491036906,4.9511503376436e-21,3.103816728018672e-20,3.866284934268245e-19,0.015501254593391764,0.1240794892499154,1.5416143304365562,7.56563770182513,39.26962466514837,561.5638446535457,2366.89527822415,8376.612282468446,16295.375548760736,26204.794358162642
temp,3,action_jerk,10,46928,75.79962472390825,386.6224329170298,4.607664879405814e-21,1.3916174996967827e-19,3.7096420167913454e-19,0.010470997856463105,0.07790288504698381,1.0397046001307964,5.318077107022457,26.458107281634238,338.39488756829275,1202.8510842834678,4543.217040116864,14562.277924492231,17820.466165465332
temp,3,action_jerk,11,46928,38.099874330179766,187.57425517296286,2.0600123933918038e-21,5.677323619746067e-20,1.0877734440354238e-19,0.0007055117682564006,0.0048660351115031525,0.08190693483782949,0.5703787871582098,5.568776396152378,176.31933605640805,763.675990838807,2694.894432585606,5291.539193826063,5499.6350740700855
temp,3,action_jerk,12,46928,175.14825298917944,2090.593461318672,3.918654264942683e-20,1.0667945343459145e-18,2.3211242745631376e-18,0.011595220448753198,0.09710463006475895,1.1345333680756018,6.237220432467566,35.98410315437149,594.4386534501133,2104.501069018935,18714.83145052942,97270.3306090647,110730.67699497839
temp,3,action_jerk,13,46928,53.32411878885346,310.7092647587978,3.991858798784901e-21,1.4517626899197187e-19,2.798427805591889e-19,0.005005595495580241,0.04189527272586319,0.5452600479754739,2.873610420668392,16.406746654181074,250.6978017505483,799.3955819526657,2859.6384665103865,12880.141719260922,14539.69609364781
temp,3,action_jerk,14,46928,130.90754818382527,630.6510432020501,2.464046443573127e-21,6.770585982573369e-20,1.401385919885761e-19,0.009371315666362392,0.07562885818558823,0.9273759299689671,5.418509234364042,31.266759044523752,579.6404468891661,2511.6475284213648,8870.692981155928,17256.81862679429,25655.531375945873
temp,3,action_jerk,15,46928,54.4449127059743,301.9380545347745,2.494408993335459e-21,6.815066781204615e-20,1.4178354599553527e-19,0.0024122085119832777,0.01755084287687009,0.25607651456452846,1.8149295340515352,12.456979939084073,203.44058673757468,1148.180506223339,4249.323632825197,7944.624683681347,15115.522357107056
temp,3,action_jerk,16,46928,172.75842616594718,2070.319879164644,3.4751910947980834e-20,1.1751412635942261e-18,5.504370083144898e-18,0.01228951322663923,0.0797469196091425,0.9455940452920206,5.060635839327309,31.385798356009072,591.0024072265362,2152.9798390031947,19228.510822476455,98821.69197523435,110415.68259216961
temp,3,action_jerk,17,46928,50.284963888895646,394.81425083674037,6.536664098161095e-21,2.0146015061931308e-19,3.61342076568149e-19,0.003518518439138272,0.02992511178480021,0.4223088040071752,2.2693847808523744,13.23321132082337,217.9526183981163,713.7504353488522,3110.941723669516,18109.211874430017,19312.693358488297
temp,3,action_jerk,18,46928,126.36762341761708,545.656206508544,2.491019217996751e-21,7.36947905017834e-20,1.4640661409556648e-19,0.01059730199239748,0.08011798884851787,0.95885915127527,5.2659679620974655,33.72299970974751,622.1604686265847,2220.060559591831,6928.42518755051,15619.952997706436,17600.507499647756
temp,3,action_jerk,19,46928,79.28761056889134,381.58118612886716,2.3712793793283993e-21,6.95726260952615e-20,1.3715626798277845e-19,0.008327650493658707,0.05556470533228859,0.622695092544825,3.747079812510086,21.4727232494603,371.60631979973465,1372.114802563571,4852.187926007452,13277.308913749734,17481.795111552103
temp,3,action_jerk,20,46928,147.61346101584792,2021.4273478482423,3.4802553724352605e-20,1.0771639159427739e-18,2.272700758780585e-18,0.010182710312109454,0.06413316788198979,0.7904574436652023,4.130255952023056,22.4769713537886,416.4755318760111,1796.2972595337742,16455.159000766005,97462.1577977452,108185.30690646857
temp,3,action_jerk,21,46928,50.821237332652856,451.6733911552589,6.999188195014214e-21,2.094144406036689e-19,4.21348899374743e-19,0.003063825516533668,0.025080012457318453,0.34222229473440363,1.8678692560861527,11.459821826696018,210.19350324984606,731.0724662632267,3955.5446009218144,20483.60973395959,23124.594607535775
temp,3,action_jerk,22,46928,101.94786932126563,590.501274438613,2.4336154660554848e-21,6.888229886503693e-20,2.404999821278825e-19,0.012738613199359105,0.09694171931890645,0.997451765185351,4.969351684828211,26.319539899767143,413.7685101442411,1676.46344774807,7796.784451453378,20628.610882347766,32364.589721573724
temp,3,action_jerk,23,46928,86.52115548762639,416.1196527604938,2.429812806461764e-21,6.873716022418357e-20,1.4552540160076839e-19,0.012615830186887486,0.11871386570629511,1.0975349623047628,5.549108883913771,26.308851007535036,388.20187180868805,1457.840292222421,5092.041381914401,13907.396263951357,25484.237503040844
temp,3,action_jerk,24,46928,35.65333420442906,241.85684919640923,2.317831831958269e-21,1.0904751923413214e-19,2.5916645829734406e-19,0.004187967462347987,0.03151783972844768,0.42839416796807045,2.2308534166512017,11.15654163033457,144.24858767910314,563.4454363002998,2212.4795596561694,10552.297184249046,16083.95697819529
temp,3,action_jerk,25,46928,124.81259740765302,1910.9379178242862,3.542100740573083e-20,9.591109704725839e-19,2.0452488324907952e-18,0.009370934211226667,0.07177998468579076,0.7882424289990333,3.939572656901639,19.800389464103862,329.4101352889777,1458.2747056426847,16698.91574607959,90854.82050894815,97875.86649915171
temp,3,action_jerk,26,46928,46.73073780641083,533.0246404595907,8.113459717149543e-21,2.655452625250491e-19,5.235197865353031e-19,0.0028089517442268525,0.025408286948446785,0.35301958717839677,1.9115469835279644,10.567722106397568,158.57007805264746,578.4412245630092,4520.3391376295085,24984.711605582375,29952.02494826855
temp,3,action_jerk,27,46928,92.6039615981511,412.36726354093827,2.5517648951161807e-21,7.381714866122772e-20,1.4267406273778948e-19,0.02107628636722813,0.1198759228129461,1.173240999853953,5.858417161050846,26.98785087282309,410.20909874910245,1645.8837976532998,5316.769666109594,11068.930924554816,15249.52674941713
temp,3,action_jerk,28,46928,97.65660981432663,1022.3534877232486,2.055248785373795e-20,1.6687533536900585e-19,1.4259964830119393e-18,0.015156911825752663,0.09416431450265926,0.8095131837939394,4.048946996147487,18.846979545833477,309.61973604459655,1477.3223181365734,8681.305148718571,47371.38543018808,69079.72577298213
temp,3,action_jerk,29,46928,17.366331535572435,71.58965573933128,4.466631691119295e-10,3.081487180095958e-05,6.453195188028355e-05,0.0006543506926306754,0.004351128990507999,0.054108610186201854,0.4693858678928397,4.101661617063842,85.7837152360889,336.88620034324623,912.9113095970189,1366.0468215320934,2138.9842304221884
temp,3,action_jerk,30,46928,24.903232113915248,90.04655968053106,7.222596662193048e-06,5.255691381198563e-05,0.00018219034596490916,0.07853848405582595,0.22912827976694183,0.7759495745308246,2.653732342313713,10.632072677117682,122.28998429354787,417.7482150922323,981.7007532031972,2440.742950448526,3589.6471577374596
temp,3,action_jerk,31,46928,2.1042199143881666,19.58484377024746,4.6168979949437646e-15,1.548807934389651e-08,3.5831391336219186e-07,3.9222770311833754e-05,0.000212168915623683,0.005178710651004019,0.05157610378016338,0.23718361592831977,3.548639832657622,37.61310960442117,339.2750731274857,632.3933148362435,716.5640080210118
temp,3,action_jerk,32,46928,29.782278714805525,117.16609305070756,0.00010489741034618743,0.00020589694428270393,0.0008947615199870813,0.09388926131852227,0.28949913307996106,0.9559896528653338,3.1580987486482357,12.05736366742772,132.28291280016657,534.2657182650254,1438.2095394515118,2948.3681113095795,4581.652945178328
temp,3,action_jerk,33,46928,85.14427416174418,566.9564458261492,1.9552017021346566e-06,2.0617917829109514e-05,4.377483710335759e-05,0.042318712311877386,0.1912260936124731,1.0457557604188865,5.087439086266082,25.257330504194428,351.08429151566867,1391.72165247914,5519.827128449309,26071.2144841372,39077.1057613785
temp,3,action_jerk,34,46928,74.5302972636283,287.49778425121156,0.0001192759555923797,0.00024100272754500117,0.000981900405446745,0.18020235202865462,0.5770238402405556,2.139688722783399,7.499941944284475,30.635314154996138,360.84916906838305,1220.0576878424386,3537.779884931372,8489.796756260037,11658.449885115164
temp,3,action_jerk,35,46928,59.305458168835,263.53500370600295,1.3162158045067207e-05,8.653216285290016e-05,0.00042420774917840823,0.08059944608098928,0.25941702325757965,1.0801841412295963,4.379059964654926,20.174736165145468,264.23721681189375,1092.0923287956675,3350.3959376782404,7589.374561879817,10386.517319111868
temp,3,action_jerk,36,46928,164.00522505016988,1877.9173595215782,9.561803428195718e-17,3.9783149561608716e-15,2.913408890973652e-14,0.013585246068638101,0.11548369257019507,1.3597919883454077,6.35141238769373,30.712099794319524,460.50735870235303,1913.5152491580702,29061.322454107936,77690.4759474489,79239.32221011682
temp,3,action_jerk,37,46928,73.19809474428874,385.88611089425126,5.042537427659287e-21,1.4142264384383216e-19,3.932493472863286e-19,0.00969028657856215,0.08709621623328283,1.223933875381109,5.691728224679775,25.392939273417902,328.87307616303985,1148.5086388576356,3983.0143277942316,14060.544225843092,19042.96443586325
temp,3,action_jerk,38,46928,106.20705273790226,509.84278647675586,6.332299419588412e-22,1.0315434046657562e-20,8.449167342920859e-20,0.014903491806976135,0.11049083901145089,1.434097851553686,6.97212672661208,33.63401028755435,462.47266616359315,1871.0044405389763,6743.920764736316,15530.387792470652,31704.272593592657
temp,3,action_jerk,39,46928,69.08379273699572,559.9980269228694,1.0473900605107223e-20,2.7306859826695773e-19,5.529592994061626e-19,0.0063371368458516415,0.05483030545601136,0.8678694251994451,4.632164130840515,21.83160117974618,268.13466784399026,932.4069955994944,5414.027876679975,25625.961510744444,28165.17935401214
temp,3,action_jerk,40,46928,74.27672438318129,374.56421835789735,2.011671647715758e-21,6.471820644635672e-20,1.1863324935581253e-19,0.001733721663250973,0.01658325437203679,0.22152088027186181,2.1160584901452113,14.858123332311697,317.2283447393372,1517.2342281806762,4970.567853907031,9192.91054556636,18947.222071996486
temp,3,action_jerk,41,46928,154.03036413841997,2054.355230819336,4.055851783446442e-20,1.0503664842477236e-18,2.251675800533762e-18,0.008477838888908146,0.08681063280013897,1.2739634310176409,6.426066104657156,31.410265235623218,487.0083999907339,1854.566192615524,18626.56858325873,95974.24235735701,107844.3301332715
temp,3,action_jerk,42,46928,50.999183638462846,449.20453601101605,6.76904061562342e-21,1.997987507575953e-19,4.1890621335315895e-19,0.004269041834728553,0.035662194399631066,0.5635118488159239,2.7630754858023194,13.324313955424227,194.77380524668223,732.7045897257867,4044.475142131924,20610.54068743226,22884.429961180518
temp,3,action_jerk,43,46928,84.79772491210097,383.2971009191551,2.8614958068083956e-21,7.075409687192213e-20,2.1537527100203498e-19,0.005502140139310024,0.0446708327787232,0.7032164577062561,4.088436201858531,21.4782672693073,384.1907233267547,1691.4165692450135,5037.280135895118,9575.109811492794,14265.20169999054
temp,3,action_jerk,44,46928,83.59160807791741,389.42597540167424,2.7174681384765803e-21,6.975108614674676e-20,1.4980079036910432e-19,0.005049210966714572,0.043136139665837125,0.5646162549162691,3.232330350097513,17.367745592443377,362.55368248070994,1784.8421501325315,5149.017503865885,8450.39364255066,13532.426449364852
temp,3,action_jerk,45,46928,123.4999216530693,1788.9576964996888,1.8470562109881564e-18,2.7585464293881392e-17,4.4290819250651065e-15,0.008041444045460703,0.0691840025953114,0.8517788950836201,3.618859632561406,14.148701919477384,182.12457661536268,1525.8850764882816,23615.858695738327,77947.9400716643,85634.44781128703
temp,3,action_jerk,46,46928,41.64607887896756,359.5952939463895,3.537167679141002e-21,1.5039694754081127e-19,3.334644003038792e-19,0.0023833362940149944,0.022312693780694934,0.3604801567173775,1.7740428238655561,8.652267960226574,150.23106324255212,674.8122906277051,3306.9964718052765,16694.870205132625,18315.92875007227
temp,3,action_jerk,47,46928,67.21666209302255,455.9142140155286,3.0452392424129488e-21,1.4215186515347066e-19,2.3459063575614516e-19,0.011188737044871494,0.09000610817875553,1.0556602998395699,5.026224231082047,20.400902724381858,220.6693427425052,1081.2171783321548,6504.334392437358,12845.33530160439,36035.300103556154
temp,3,action_jerk,48,46928,58.89827635338948,416.04496384391445,3.035809994859229e-21,7.31931770269757e-20,1.5864965528158917e-19,0.010200854173387272,0.07802144712730101,0.8257432508635012,3.94482925739693,15.637815270485078,171.12753645141117,958.3993590918392,6434.076240852622,13183.242527173601,20694.54862701444
temp,3,action_jerk,49,46928,112.57287879590154,1878.8239695734062,1.865551326927807e-18,4.25698866218322e-17,4.537723527457099e-15,0.004461351417521041,0.03368837542957441,0.42898571484227566,1.895958737618705,7.5350571538756865,93.31983028493902,1285.550935427666,24773.89176136997,78961.44906719495,114161.46507425718
temp,3,action_jerk,50,46928,34.02516636209046,303.59039155459476,9.75070310965773e-22,1.195663093988808e-19,3.0692751298441885e-19,0.002190854712970481,0.018431165261475178,0.2892926949611453,1.4150552271169108,6.941152022002839,118.1500766621493,567.882346060552,2421.3085326150244,13585.703044908514,17008.907644594965
temp,3,action_jerk,51,46928,67.35616007451353,643.3157755359324,5.4061555374613004e-21,1.4490812583580545e-19,4.1043556422008845e-19,0.010009854320967237,0.08687784734063858,0.9863278486885773,4.062885433011374,15.09867979587635,155.6224980724094,1051.5709964541734,9099.077801721574,21018.12161978896,57722.31143776504
temp,3,action_jerk,52,46928,61.186798401195276,654.5622374020652,9.982034983805941e-21,1.3665162790366315e-19,6.014769909154603e-19,0.012194727890398094,0.08445355288156893,0.9540805070645999,4.021593007100536,14.092605022705822,142.00677834050006,869.4740720993073,8097.841969256321,25829.786471893265,56615.23957205925
temp,3,action_jerk,53,46928,29.87377622110668,280.0046528246094,5.13539513282031e-21,1.1597683121852124e-19,2.6076897385332683e-19,0.005382673012510421,0.045052744160861156,0.48585575893405986,2.099965413295679,8.70228148735035,95.55200190438963,434.66017344600334,2359.4681608011506,12030.623521387002,15231.946816743759
temp,3,action_jerk,54,46928,106.04690426175644,1998.3915888010442,4.719835850550051e-20,5.778223153643648e-18,2.0932514070459324e-15,0.0029293455242820963,0.02497965016890643,0.31245603137295586,1.3594785522626012,5.807612295684336,77.15356513106694,1188.979466568066,23782.4754855273,83513.99921281367,112933.45524086623
temp,3,action_jerk,55,46928,30.9996727632102,309.8854736073468,5.865112559523125e-22,1.120078000737282e-19,3.265559429000798e-19,0.003304547123095597,0.026454236504955313,0.3178192273967432,1.5579654125472526,7.35765318476233,96.95420972995645,485.6076351054801,2487.5145029414402,13993.975611503218,17982.038382096092
temp,3,action_jerk,56,46928,77.85511845038303,398.8759668054882,2.7124519937117265e-21,7.1246315165483e-20,1.5581130070998927e-19,0.020672270579710234,0.1736380820418535,2.0456222661449868,8.484722117079592,30.96070375383334,285.9508056310818,1317.6120284151243,5637.328502984477,11334.21210452744,25584.65809859003
temp,3,action_jerk,57,46928,78.993769969876,1230.854159015468,2.6880443048267314e-20,4.417883967790795e-19,1.3639664955543407e-18,0.007302574903044682,0.06057581231160119,0.6519917548487745,2.6263362164203494,10.279251891656175,113.18226390696651,1040.2538576497736,12274.793389391481,58676.94356251358,85317.82012690861
temp,3,action_jerk,58,46928,0.0035606325568324254,0.15818756815019908,0.0,2.4073230523654803e-16,2.3087626850357508e-15,1.1643151054073885e-14,2.879946100628699e-14,1.146862418148941e-13,1.0043250511320726e-12,8.533148444210956e-12,4.496609085020584e-11,1.6607918387233367e-08,0.22838558291502417,8.76638503458102,10.751622321946805
temp,3,action_jerk,59,46928,0.0035159569471037563,0.15780725644035584,0.0,2.8124020921323645e-16,2.7070998369648724e-15,2.264026951897974e-14,5.038549360590495e-14,2.397542650670637e-13,1.9438088894507643e-12,1.66209716827804e-11,8.993218170037006e-11,1.837029686897636e-09,0.14961313487068534,8.743053922257063,10.748534499566412
temp,3,action_jerk,60,46928,8.958804194355922,22.72905191247784,3.9014281290769835e-16,1.6627495884454498e-11,2.9915091499617273e-10,0.08662042184911446,0.2688153544822212,0.8620788307432055,2.1924561693714644,6.925442202462826,41.797347420037234,89.3767110588613,241.8697747326894,643.3701251616991,860.5760389708502
temp,3,action_jerk,61,46928,7.49106616431728,18.61490459420438,5.449364799207014e-17,1.067072412416622e-11,1.2324921602646428e-09,0.07232612293951998,0.21917415196116888,0.7017959457007454,1.8478762251883638,5.812366891118153,36.74263050203864,72.30699565698222,170.33486916732267,525.5137107222818,1329.674916913651
temp,3,action_jerk,62,46928,11.05935024229906,22.161490935396294,4.124097282616767e-17,2.1417664182269204e-11,7.919628837626946e-10,0.1110745583222253,0.36257990560775694,1.137611593644319,2.9799865572609123,9.45028388833015,53.196790378346286,106.00948523513796,186.653200124957,384.79758715101553,732.8190281775968
temp,3,action_jerk,63,46928,21.14757043233049,49.7341774806545,7.011122750155439e-16,3.971402348737649e-11,2.4422130310124245e-10,0.23178608701131426,0.7587727874860959,2.459645279601409,6.412825577148688,19.125454941387776,94.41498276917767,195.5287080698503,425.26436328760906,1808.0823185058784,3250.605438323266
temp,3,action_jerk,64,46928,8.655223816802442,111.28982757454085,0.0,1.7039064361574897e-15,4.716722816454209e-15,2.1183763696452923e-14,4.992801137170364e-14,2.4624287846536424e-13,2.7401480055228033e-12,2.6979654510132766e-11,9.160741931853305,214.6115380011335,870.4236483848752,5625.297567544162,8445.506011347763
temp,3,action_velocity,0,46928,0.001271727481061123,0.003474487057774574,2.7923009636516465e-27,8.900508477600727e-08,3.381978088864936e-07,1.5066283557302019e-06,5.4617050616830535e-06,3.066296333774017e-05,0.00014191012542280886,0.0008686376243393487,0.0064060199289951,0.016016918063523622,0.037336381953360614,0.06585448996373923,0.14858338307609656
temp,3,action_velocity,1,46928,0.0036545984034988327,0.007439111276821498,1.875008313268956e-09,7.010614945271824e-06,1.5877483301049464e-05,6.48519141757439e-05,0.0001696560714639672,0.0005385147883323004,0.0015138952754968783,0.0039809887298122276,0.014343688407369395,0.029151786203244018,0.05835560073133236,0.24697195562468896,0.3144976523760159
temp,3,action_velocity,2,46928,0.000886667920282663,0.003018106363306061,1.9631694514562343e-28,2.114791726453749e-11,8.812900466897561e-10,5.016148467261834e-08,6.505820077039566e-07,1.3316969770915704e-05,8.686016339335616e-05,0.0004245475783177168,0.004379426255163123,0.013270493225711819,0.036342621110341825,0.06732755790409589,0.1885062046528508
temp,3,action_velocity,3,46928,0.004104198372274855,0.008030406223997406,1.4250970494823767e-09,1.5038045382915703e-05,3.1723700842337114e-05,8.949943017926313e-05,0.00020245761575874517,0.000604155092332963,0.0016868634746668955,0.004355804214302105,0.01607480757673716,0.0346365132652299,0.07482621105214902,0.22859179999847792,0.28295184629178755
temp,3,action_velocity,4,46928,0.00802597812855765,0.01708845183225885,2.92797317789345e-11,6.204265935907334e-07,2.2722816083787656e-06,1.3822787376326258e-05,6.803191508454827e-05,0.0005390580237826037,0.0027591690383900213,0.009076079087045455,0.03186444499644488,0.07038543811456859,0.16663953837328818,0.547343608223064,0.8562031157901024
temp,3,action_velocity,5,46928,0.007931956944831266,0.01613590702841117,1.6716410898365543e-08,2.410027734935174e-05,5.4420394391818246e-05,0.00017191122220261654,0.00040040324351677485,0.0012282005031952654,0.0034769646985372687,0.008951304606659126,0.028606380425764775,0.06163731214839857,0.16369938337513484,0.516878056024924,0.6093279623565635
temp,3,action_velocity,6,46928,0.006396622317209571,0.012538609071258255,1.5293706145305905e-09,5.472586723302369e-06,1.6599171428543596e-05,8.170265959271637e-05,0.00022448726096122045,0.0007573786737821863,0.002395986695767977,0.0069150204137047,0.02532724334870644,0.05657684486280841,0.14353016367408747,0.28417976160719405,0.32771425609707205
temp,3,action_velocity,7,46928,0.017641223250180426,0.11270342377198157,7.656518428288108e-18,6.96555055092221e-15,2.0738401820456745e-13,4.1637237093371724e-05,0.0002366115560355841,0.0012739707292806473,0.004699226796350641,0.013607551711453877,0.051184242235408565,0.13961808852517407,2.043224773993879,3.61114131455877,3.672079772654823
temp,3,action_velocity,8,46928,0.00991934905633228,0.01865893287473596,1.0226740182848838e-25,4.225676626820883e-21,9.794340659308152e-20,2.5922043724116772e-05,0.00017196095555777258,0.0010318985436281961,0.004000401552236915,0.011210922528114974,0.03803674098407424,0.0845749368517896,0.20041915072623662,0.39937757324801687,0.5990978195498053
temp,3,action_velocity,9,46928,0.015169056290578454,0.038464360301015715,2.885943533455434e-23,1.0426502278223404e-20,2.8655771226504867e-19,4.025392046586573e-05,0.00025425770371028067,0.001459173846479851,0.005233778071421898,0.014998925464658773,0.05686250287363679,0.15289635378205077,0.5222619871835985,0.9505717979037681,1.428650292577094
temp,3,action_velocity,10,46928,0.009682142322267785,0.024458566357912735,2.600894315284221e-23,2.5310090350589578e-20,3.928974939771077e-19,2.4452930394982244e-05,0.00016550323995891415,0.0009538696015275078,0.0037288807968333167,0.010285996351369989,0.035736471571598385,0.08139597144372197,0.3305701864237872,0.7151538166922052,0.8176763339074701
temp,3,action_velocity,11,46928,0.0034432794152749768,0.011272322330012867,1.3179554148727559e-23,1.0330753839305924e-20,1.639139284197205e-19,1.5401403682887129e-06,1.1043630875457905e-05,7.335036409053124e-05,0.0004019522443537225,0.002322596719388275,0.01571337576588453,0.04582995634705777,0.17765371858295417,0.24455606151799986,0.2611344502902275
temp,3,action_velocity,12,46928,0.017489906020750557,0.12311603783818681,2.2466928944362876e-22,1.849811020953424e-19,3.1068047995560467e-18,2.8976924305254475e-05,0.00017887998001747172,0.0010540216509941577,0.004307917837751064,0.013980251874780275,0.055620909401429795,0.14231266798291597,1.2108832764691217,4.5876917377174,5.0361491719499885
temp,3,action_velocity,13,46928,0.006509732194996088,0.019544326329000758,2.2532894923805824e-23,2.5242685194628155e-20,4.1161692772856886e-19,1.3197191910440877e-05,8.076161702144598e-05,0.00049655189030157,0.0020504241091710007,0.006454935275392194,0.025278181305790088,0.058282890161106625,0.21328409498750953,0.631274960556901,0.6650415410248028
temp,3,action_velocity,14,46928,0.014283583567468495,0.03873766353118535,1.5056629082269347e-23,1.1919469588707812e-20,1.9660215265668314e-19,2.0302340331637268e-05,0.0001371215649275388,0.0008202355893761296,0.0036722385910789137,0.013017078016175486,0.05737612237117645,0.16471288488998873,0.47241822334093964,0.987619808573818,1.2299925263476572
temp,3,action_velocity,15,46928,0.006372818265678274,0.02008804491349117,1.5243519452343592e-23,1.2080271262837739e-20,1.9900161491169985e-19,4.525040829472094e-06,3.2805731642283245e-05,0.0002221808813192431,0.001183175507195159,0.004767095271402466,0.026519385675670314,0.08516307985923859,0.27024461551128687,0.5198265689254543,0.699868764097979
temp,3,action_velocity,16,46928,0.016549317999309827,0.12295792544760714,1.9616454320244981e-22,2.1102220835006478e-19,3.7270735601114096e-18,2.5325661113794076e-05,0.0001592609534737136,0.0008743869612203637,0.0036088152401849865,0.011679803297259757,0.05341188521612341,0.14917443289848878,1.2339317675512276,4.85463576862631,5.021844699076688
temp,3,action_velocity,17,46928,0.0056605527845034025,0.02386784672212286,3.689758899310636e-23,3.4952571916033685e-20,5.642939119488223e-19,9.861736023221299e-06,6.268668603758971e-05,0.0003818382975167475,0.001607582253036221,0.005212395164498116,0.021301545027438314,0.04857148530304386,0.2249810746708186,0.8616240755110427,0.8865228478007947
temp,3,action_velocity,18,46928,0.013490115120031388,0.03400544737374525,1.4061087107937912e-23,1.2739533181671946e-20,2.0310547892782647e-19,3.056664673634615e-05,0.000162858117714345,0.0008943942225140828,0.0037122140302983993,0.012318908410290926,0.05612544008223695,0.14485079121505046,0.42166162957539943,0.7514675699943909,0.9790434367788226
temp,3,action_velocity,19,46928,0.009025173092215311,0.023697208812190607,1.3385190153934764e-23,1.2264282608779614e-20,1.942726257778503e-19,1.5340196570166508e-05,9.841121136962095e-05,0.0005881874892998516,0.0025364325388602237,0.008268700300309776,0.03724500341218481,0.09324810174412575,0.2897440937485019,0.6645760054443085,0.9655283489369951
temp,3,action_velocity,20,46928,0.013958677020537538,0.11945382655272804,1.9645040711100343e-22,1.7815993946227371e-19,2.8658575581532184e-18,2.2267467952352275e-05,0.0001323789795174422,0.0007272635988222008,0.0028572304595881203,0.00888831544456596,0.040346265551075414,0.12338465168514925,1.2337621568108257,4.687838862007603,4.931087429832394
temp,3,action_velocity,21,46928,0.005333228020046531,0.02702194989843895,5.813772723038908e-23,3.8975201662262596e-20,6.355801597710791e-19,7.859960247872943e-06,5.2121040947978215e-05,0.0003105732082486145,0.0013153017619296175,0.004493100878240261,0.019608650564029446,0.04919860203705286,0.2592434620786287,1.018245155210202,1.0493471935851353
temp,3,action_velocity,22,46928,0.011121052201191896,0.03640913579262525,1.373705943663914e-23,1.3593937887336613e-20,2.106364286445206e-19,2.9772303892984072e-05,0.00017341763026405057,0.000929947452280565,0.003455561126569012,0.009987646567328404,0.03949070458820257,0.11954565830873015,0.5019415073674969,1.1930500976577307,1.558958728028796
temp,3,action_velocity,23,46928,0.01086809056881642,0.02747772294900527,1.3715594516817317e-23,1.1959558730279445e-20,1.9062904113742854e-19,3.281732143735207e-05,0.00018898371349538014,0.0010086526359447973,0.003698397631052797,0.01061522816159949,0.04153692765655753,0.11065768779347768,0.31471600964364854,0.8266513446196141,1.227289962092679
temp,3,action_velocity,24,46928,0.004358721598801577,0.014801060501372955,1.3083494119698197e-23,1.823175353391977e-20,3.3688213661283465e-19,8.872264874517731e-06,6.608278876438108e-05,0.00038746769612443984,0.0014790798118888625,0.0042566452660114185,0.0155756997613616,0.039390694690963034,0.1713183436980421,0.4817455163439909,0.8491745761545766
temp,3,action_velocity,25,46928,0.011904816376234955,0.11189336341352361,1.999414002849113e-22,1.7245281141140454e-19,2.8766123085734557e-18,2.340650295042111e-05,0.00013928621077942887,0.0007392887894015561,0.002703205016656239,0.007875521704895649,0.032149986322632024,0.10035266258823128,1.1431803106371956,4.312178509219832,4.437583004718671
temp,3,action_velocity,26,46928,0.004903060283337193,0.03164062297224002,6.329292611666728e-23,4.793132346749295e-20,7.742235891236922e-19,7.73401728654124e-06,5.155747926034177e-05,0.0003209868870165969,0.0012811582916061833,0.004090919676956864,0.015824108241589793,0.03959490621521102,0.3167510199119875,1.1948721001381983,1.4379675184071208
temp,3,action_velocity,27,46928,0.01105939620607769,0.02709971406706343,1.6923500603292192e-23,1.361185463924324e-20,2.2563824623580246e-19,3.977995206106083e-05,0.00022570639341661122,0.0011363542935111902,0.0039539697896648135,0.010810596317897398,0.04043701276685399,0.12128734252482404,0.3313896313628242,0.5915503677435804,0.8007690424727492
temp,3,action_velocity,28,46928,0.010151950414483918,0.060383943413387445,1.16012883364518e-22,5.556684797418471e-20,1.019192244743091e-18,2.8317468291127833e-05,0.00015186240831670958,0.0007497030181899574,0.0027318722733081285,0.007790294300237066,0.03157757800285123,0.10545677239709111,0.6586504725189241,2.509091766432435,3.1909298669728625
temp,3,action_velocity,29,46928,0.0023864704583004912,0.005524204468109739,2.048392736422621e-13,1.2595653423462286e-07,4.547392991204682e-07,2.201966831729337e-06,8.752473311818707e-06,5.166104554177611e-05,0.00031787167251443385,0.0019973389602798357,0.012062428394988226,0.02721529175427123,0.054472188430679566,0.08226817979541308,0.09242532032206408
temp,3,action_velocity,30,46928,0.004251541590396316,0.006865554613766271,2.5624254924947604e-08,9.336401955877113e-06,1.9236143821415203e-05,7.030992120959615e-05,0.00018503535631788381,0.0006083552756798451,0.0017973630702531667,0.004950370035992016,0.016734622434914963,0.03298504558515321,0.060847513411156406,0.12866711468779057,0.14175944604681814
temp,3,action_velocity,31,46928,0.0003103965103538344,0.001888320702372524,0.0,2.0665233644643147e-11,5.470206980629741e-10,4.49561385189718e-08,3.5664920790144686e-07,6.162259818585239e-06,3.793694263296777e-05,0.00012065961695690588,0.0007778103616043259,0.006547584160548906,0.026480469456040153,0.051529377529463447,0.07725745239849863
temp,3,action_velocity,32,46928,0.0052995969987429436,0.009193836209254748,1.5873929272566464e-07,2.1254759389655633e-05,4.136950889403138e-05,0.00010749728271279017,0.00024321425645589976,0.0007242185944751072,0.0021056597121937356,0.0058839574974140635,0.02107744336662885,0.045300961320462074,0.08814465528631138,0.15452744025055076,0.18531089405784212
temp,3,action_velocity,33,46928,0.01117933233379139,0.03468263696675647,9.32035458664679e-11,2.4978536624398037e-06,7.0769629959340985e-06,3.71580855029996e-05,0.00015836139255144806,0.0009145402653684561,0.0038252731593953664,0.01181782035564324,0.04167569473609915,0.09263654459610482,0.3518400975555578,1.4153528727494284,1.8162590093228517
temp,3,action_velocity,34,46928,0.01185479591617081,0.01962930619010859,7.732279239548029e-08,3.614730671399666e-05,6.898835204950435e-05,0.00020562124508422626,0.00049507047847815,0.0017211158458478994,0.00558449267210394,0.01466175552764886,0.04244231202332879,0.0849001955440531,0.22169389982114976,0.4501976601987979,0.584408003436468
temp,3,action_velocity,35,46928,0.008314255442140083,0.01718592976781087,3.618885282999189e-08,1.5092734665985377e-05,2.8657672069591206e-05,9.402040409244261e-05,0.00023507437976216374,0.0009124106099849018,0.003187073708082702,0.008956443208712899,0.03184106933027553,0.07430719463505375,0.2192925318526293,0.3863464036434193,0.4859001832841995
temp,3,action_velocity,36,46928,0.01654626751316193,0.11007304339916553,5.39736305290194e-19,9.846292876309737e-16,5.571999441264925e-14,2.2449391389124846e-05,0.00016939856023885,0.0011389777071363822,0.004451263428173191,0.012699566165590028,0.04678014185489372,0.12777228407980504,1.847204403916692,3.591672407275667,3.701478773157018
temp,3,action_velocity,37,46928,0.009902914381343733,0.024777297274308684,3.8509193771743536e-23,2.5988690049038596e-20,4.369137184520498e-19,1.6449715755114938e-05,0.0001429577477474656,0.0010050726390785298,0.0039819459015913074,0.01072975185091115,0.036603235907567935,0.07826590394955152,0.32616914398132935,0.810416225223558,1.09508172695974
temp,3,action_velocity,38,46928,0.013370425474525327,0.03215554052147031,5.08422143068527e-24,2.7878865575526387e-21,1.2622514039435644e-19,2.610837743219075e-05,0.00019129765177214493,0.001217694902829707,0.004820487171078095,0.013756277138867158,0.050593145035450905,0.12673905026362134,0.38302959888682114,1.0142138467022461,1.5482379179935166
temp,3,action_velocity,39,46928,0.008877303035882427,0.03372485825696606,7.165542148709499e-23,4.541540778792889e-20,7.5117700796980795e-19,1.2376161759091971e-05,9.794910199458883e-05,0.0007169768901897046,0.0031238248471267167,0.009094850871133247,0.031244222854546085,0.06969185338336956,0.3355599066958928,1.232538644051622,1.2933325574402483
temp,3,action_velocity,40,46928,0.009251577133020463,0.027203736040166463,1.3444644800609472e-23,1.0883775851356778e-20,1.7701730494826373e-19,2.4901475339818108e-06,2.1304188150233723e-05,0.0001844060880188818,0.0013707396913453125,0.007270217174224278,0.04172406867179879,0.11899628024785144,0.31656202423345203,0.720804347595927,1.3292076839948064
temp,3,action_velocity,41,46928,0.016661062323888327,0.12158598420480464,2.289411691885304e-22,1.8538953824345357e-19,2.9867314787946886e-18,1.5956580742753414e-05,0.0001424327904915152,0.0010604370725780868,0.004515901530905081,0.013473626234302559,0.05208844395221007,0.12982117745250205,1.2298451679538331,4.584053615248624,4.979548065257927
temp,3,action_velocity,42,46928,0.0060344770283987026,0.026734643028624095,5.303617283092361e-23,3.8760856138053665e-20,6.521590366689679e-19,6.924353493679362e-06,5.949370051371672e-05,0.000456081223083116,0.0019694765096556982,0.005749373080510061,0.021414855526978933,0.04976339345383122,0.2553726372076005,0.9627153811755883,1.0374172483740067
temp,3,action_velocity,43,46928,0.01020671495269119,0.024675446839175014,1.6152320908582937e-23,1.326930621770695e-20,2.2178335870794464e-19,8.930520568166682e-06,7.728611614772836e-05,0.0005796942925901955,0.0027742691263407107,0.009545420189302585,0.0427329035328382,0.10945396286783081,0.3076040769690174,0.4997556582514015,0.6638656508002526
temp,3,action_velocity,44,46928,0.00950253911652893,0.025276803786035407,1.6081360057981553e-23,1.2605732216378185e-20,2.0525802620954959e-19,8.248768156454148e-06,6.479503882487088e-05,0.00046300275442341725,0.0021574418150049407,0.0075714969269468635,0.04214448026495402,0.1173898323522798,0.2974142237966334,0.49945989247475275,0.7001493737368285
temp,3,action_velocity,45,46928,0.011031834982801152,0.1085731737714473,1.0426101126931042e-20,9.404968685988165e-18,1.8013652366274473e-15,1.5731225296282314e-05,0.00010993703598373688,0.0006999894707179074,0.0025524801885513804,0.006338875448727563,0.019838706077924435,0.10430451103703178,1.7462358707419254,3.705040403062526,5.186858257485176
temp,3,action_velocity,46,46928,0.004436597218968712,0.021106314369493263,3.4575179123377835e-23,3.0466826154082474e-20,5.000880443613884e-19,4.472213010487853e-06,4.011042667891632e-05,0.00029923781292237676,0.0012787183191609727,0.003710373317378825,0.015146039138230887,0.044853008835073746,0.2145969991348539,0.8005453805192815,0.8375463094823264
temp,3,action_velocity,47,46928,0.008741710652438787,0.028206217539942346,1.7189499760871213e-23,2.0314764073595425e-20,2.909498820008228e-19,1.7940470252481165e-05,0.00014037593338101005,0.0009005065199889739,0.003361381846401938,0.0088104215696662,0.028041838996963785,0.08204805632824248,0.4013021309836748,0.8186677959911507,1.6856515666540732
temp,3,action_velocity,48,46928,0.007311988530636922,0.02520379981796648,1.713627437013266e-23,1.3167610303947572e-20,2.1628249596589298e-19,1.6378664058016696e-05,0.00012235963180262286,0.0006966324018984193,0.0025790612397369747,0.006868760944544557,0.02328663146496488,0.07266920130917143,0.35152211117058385,0.7364322694547061,0.9697195714690514
temp,3,action_velocity,49,46928,0.009360893135458547,0.11805141094199705,6.091101991659485e-21,1.9273924905249518e-17,3.581372861711837e-15,6.924956854360633e-06,5.3815015285623786e-05,0.00035208474351557193,0.0013125697339486661,0.003328240735541393,0.011148903324831998,0.10149654593199038,1.9547839560490412,5.014203314679647,5.314906030846259
temp,3,action_velocity,50,46928,0.0035811445097429025,0.01813586297000281,9.531137259435137e-24,2.5849617456941702e-20,4.028187299297652e-19,3.5611737080827397e-06,3.3038165980907646e-05,0.00023693214084437856,0.0010084987936097715,0.0029780728148200643,0.011854730829417338,0.037139504392233694,0.16792246117080986,0.7310767108702549,0.7979222161167909
temp,3,action_velocity,51,46928,0.0077181727514173465,0.03971186191623689,3.0516193284303677e-23,2.5658138580899957e-20,3.5729742606228567e-19,1.761005355603589e-05,0.0001293904351385782,0.0008152325729925171,0.0028022737100508693,0.00663801430236404,0.019332204547010994,0.07984656017341574,0.5736516067629774,1.3303802144551269,2.667757474816983
temp,3,action_velocity,52,46928,0.00723643832319392,0.03950903756322619,5.63457168085028e-23,2.74098936707019e-20,6.429845787622656e-19,1.6956296778129766e-05,0.00013044434088653727,0.0008139033003997758,0.0027979728352414256,0.006473361308984502,0.01802278987629412,0.060931736693648764,0.5669478120704347,1.5133582824788945,2.599034213796469
temp,3,action_velocity,53,46928,0.0037904870470735832,0.017125912822814764,2.898782866650637e-23,2.3645249509611877e-20,3.799313801740634e-19,9.632054200131318e-06,7.142574598342057e-05,0.0004178023812404698,0.0014644597069673792,0.0035627718474944064,0.011762809048080967,0.03272604992930007,0.17766574910773422,0.6468416011430211,0.7749869351225458
temp,3,action_velocity,54,46928,0.008236587034447898,0.11523842733030025,2.664211602635537e-22,2.6011275095667666e-18,1.9231444398747832e-15,5.133851275685799e-06,3.945810497602089e-05,0.00025828853324743304,0.0009450881802590091,0.0024500472520655415,0.00974331707142652,0.08665046096785994,1.7891299502798712,4.664338147429741,5.197342409038221
temp,3,action_velocity,55,46928,0.0034972990110313665,0.018528357036121428,5.733042245075185e-24,2.6213760423248922e-20,4.2537819063091866e-19,5.895242673470741e-06,4.3822672462270474e-05,0.00027975069653119865,0.0010734591117654727,0.003029881956995162,0.011301972985159718,0.03217587813203806,0.1681124633901831,0.7719428258586437,0.8379574551195906
temp,3,action_velocity,56,46928,0.011644426544358162,0.024780138089402264,1.7498886088957074e-23,1.4611490599290035e-20,2.3733384765455022e-19,2.9898356494435403e-05,0.0002746563431786374,0.0017180810238733232,0.005775390455904647,0.013431348945144986,0.03747862051622531,0.09781039183160355,0.31539940555623064,0.6560796999058736,1.2243839826161862
temp,3,action_velocity,57,46928,0.00765990693933257,0.0716543551954766,1.5173237061800792e-22,8.070122701790917e-20,1.5571296618513045e-18,1.0607680589403123e-05,9.232042697069472e-05,0.0005483617981138617,0.0018383960078889763,0.004384003369913439,0.01537299358810211,0.08927948318629382,0.8667149059922147,3.1115539980984073,3.9328258060859684
temp,3,action_velocity,58,46928,2.556490348432501e-07,9.404953633258622e-06,0.0,0.0,0.0,4.6259998564277367e-17,1.8950094901557702e-16,6.234377206571386e-16,1.5896617688450701e-15,3.3307198966271043e-15,8.326799741570243e-15,4.441239323449235e-11,2.8009540679890686e-05,0.0004881523261675614,0.0004942327888129313
temp,3,action_velocity,59,46928,2.4091115062034877e-07,9.336376321802059e-06,0.0,0.0,1.6942237690562964e-29,9.516342561793602e-17,3.968060591210171e-16,1.2717294150760566e-15,3.2329286766084185e-15,6.661439793250433e-15,1.6653599483138097e-14,4.1306812583637107e-11,1.2267434382922798e-05,0.0004885403184386735,0.0004980388819447454
temp,3,action_velocity,60,46928,0.002145146536453136,0.0022068096525441633,1.991813160316493e-18,6.630169601342031e-12,4.967042581714405e-10,6.499871121298105e-05,0.00020898703517011663,0.0006762640871942839,0.0015842895706151038,0.0029653859388194836,0.006038160159240329,0.009368753067037442,0.017735971754194627,0.037964070611363976,0.11093202953401353
temp,3,action_velocity,61,46928,0.001798153495101475,0.0018052258677195875,1.9776922971991532e-19,4.198192928946208e-12,6.40337877131169e-10,5.500297587049853e-05,0.0001757086267050698,0.0005664406006068034,0.001334574344437755,0.0025139298333146324,0.0050687316450568004,0.007610427704008628,0.012907192790189261,0.03498736759949477,0.06320493102696267
temp,3,action_velocity,62,46928,0.0028955579881142423,0.002903124916655354,1.4967240640446505e-19,9.612454128961664e-12,4.5772085676403e-10,8.957805231134315e-05,0.0002814345675355923,0.0008891157737793728,0.002098634169170368,0.003994469911510791,0.008316355779487515,0.013239009427213604,0.021315391268944914,0.032861277197324935,0.09318636315274412
temp,3,action_velocity,63,46928,0.005917919542852688,0.0063871210681492804,2.5444880217448144e-18,1.444467402703028e-11,2.787360811211323e-10,0.00016414834601677386,0.0005418249802280306,0.001714913820188619,0.004117478687541016,0.007970167350480804,0.017690806375962303,0.02909322716499635,0.047654855286236995,0.11689489760433214,0.14838599582268858
temp,3,action_velocity,64,46928,0.0009018255088063901,0.007680629648214548,0.0,0.0,4.297930472248495e-27,1.5044879582681266e-16,3.8977779591582067e-16,1.1118323022740086e-15,2.7294844777877034e-15,6.661439793255584e-15,0.003623643527878057,0.02079384429204052,0.06928528927249392,0.3445369240170778,0.41379144569815
