run_name,degree,intermediate_knots,metric,frame_count,pair_count,proportion
temp,3,2,frames_inclusive,4.0,7656,0.3778315155702512
temp,3,2,frames_inclusive,5.0,3048,0.15042195133988057
temp,3,2,frames_inclusive,6.0,1898,0.09366826235009623
temp,3,2,frames_inclusive,7.0,1363,0.06726545921137048
temp,3,2,frames_inclusive,8.0,1075,0.05305236144697231
temp,3,2,frames_inclusive,9.0,791,0.03903666781819079
temp,3,2,frames_inclusive,10.0,622,0.0306963430883877
temp,3,2,frames_inclusive,11.0,497,0.024527463850367665
temp,3,2,frames_inclusive,12.0,423,0.020875487341459803
temp,3,2,frames_inclusive,13.0,345,0.0170261066969353
temp,3,2,frames_inclusive,14.0,275,0.01357153432364408
temp,3,2,frames_inclusive,15.0,251,0.012387109509944233
temp,3,2,frames_inclusive,16.0,230,0.011350737797956867
temp,3,2,frames_inclusive,17.0,205,0.01011696195035286
temp,3,2,frames_inclusive,18.0,177,0.008735133001036371
temp,3,2,frames_inclusive,19.0,178,0.008784484034940532
temp,3,2,frames_inclusive,20.0,144,0.007106548882199082
temp,3,2,frames_inclusive,21.0,122,0.0060208261363075555
temp,3,2,frames_inclusive,22.0,109,0.005379262695553472
temp,3,2,frames_inclusive,23.0,103,0.00508315649212851
temp,3,2,frames_inclusive,24.0,90,0.004441593051374426
temp,3,2,frames_inclusive,25.0,102,0.00503380545822435
temp,3,2,frames_inclusive,26.0,77,0.0038000296106203424
temp,3,2,frames_inclusive,27.0,83,0.004096135814045304
temp,3,2,frames_inclusive,28.0,67,0.0033065192715787395
temp,3,2,frames_inclusive,29.0,44,0.002171445491783053
temp,3,2,frames_inclusive,30.0,36,0.0017766372205497705
temp,3,2,frames_inclusive,31.0,30,0.0014805310171248087
temp,3,2,frames_inclusive,32.0,36,0.0017766372205497705
temp,3,2,frames_inclusive,33.0,30,0.0014805310171248087
temp,3,2,frames_inclusive,34.0,22,0.0010857227458915264
temp,3,2,frames_inclusive,35.0,15,0.0007402655085624044
temp,3,2,frames_inclusive,36.0,12,0.0005922124068499235
temp,3,2,frames_inclusive,37.0,25,0.0012337758476040073
temp,3,2,frames_inclusive,38.0,15,0.0007402655085624044
temp,3,2,frames_inclusive,39.0,7,0.00034545723732912204
temp,3,2,frames_inclusive,40.0,7,0.00034545723732912204
temp,3,2,frames_inclusive,41.0,9,0.0004441593051374426
temp,3,2,frames_inclusive,42.0,9,0.0004441593051374426
temp,3,2,frames_inclusive,43.0,6,0.00029610620342496174
temp,3,2,frames_inclusive,44.0,1,4.935103390416029e-05
temp,3,2,frames_inclusive,45.0,1,4.935103390416029e-05
temp,3,2,frames_inclusive,46.0,4,0.00019740413561664116
temp,3,2,frames_inclusive,47.0,1,4.935103390416029e-05
temp,3,2,frames_inclusive,48.0,2,9.870206780832058e-05
temp,3,2,frames_inclusive,49.0,1,4.935103390416029e-05
temp,3,2,frames_inclusive,53.0,3,0.00014805310171248087
temp,3,2,frames_inclusive,54.0,1,4.935103390416029e-05
temp,3,2,frames_inclusive,57.0,4,0.00019740413561664116
temp,3,2,frames_inclusive,65.0,1,4.935103390416029e-05
temp,3,2,frames_inclusive,119.0,1,4.935103390416029e-05
temp,3,2,frames_inclusive,120.0,2,9.870206780832058e-05
temp,3,2,frames_inclusive,121.0,2,9.870206780832058e-05
temp,3,2,frames_inclusive,122.0,3,0.00014805310171248087
temp,3,2,frames_inclusive,123.0,1,4.935103390416029e-05
temp,3,2,frames_inclusive,125.0,1,4.935103390416029e-05
temp,3,3,frames_inclusive,5.0,6314,0.3117562830197995
temp,3,3,frames_inclusive,6.0,2725,0.13454796820224163
temp,3,3,frames_inclusive,7.0,1844,0.0910482397669481
temp,3,3,frames_inclusive,8.0,1479,0.073026218338024
temp,3,3,frames_inclusive,9.0,1105,0.054559818298523674
temp,3,3,frames_inclusive,10.0,937,0.04626475090110107
temp,3,3,frames_inclusive,11.0,701,0.03461215622376932
temp,3,3,frames_inclusive,12.0,605,0.0298721177109564
temp,3,3,frames_inclusive,13.0,500,0.024687700587567273
temp,3,3,frames_inclusive,14.0,448,0.022120179726460278
temp,3,3,frames_inclusive,15.0,370,0.01826889843479978
temp,3,3,frames_inclusive,16.0,305,0.015059497358416038
temp,3,3,frames_inclusive,17.0,290,0.014318866340789018
temp,3,3,frames_inclusive,18.0,246,0.012146348689083099
temp,3,3,frames_inclusive,19.0,230,0.011356342270280945
temp,3,3,frames_inclusive,20.0,232,0.011455093072631215
temp,3,3,frames_inclusive,21.0,201,0.009924455636202045
temp,3,3,frames_inclusive,22.0,158,0.007801313385671259
temp,3,3,frames_inclusive,23.0,156,0.007702562583320989
temp,3,3,frames_inclusive,24.0,143,0.0070606823680442405
temp,3,3,frames_inclusive,25.0,133,0.006566928356292895
temp,3,3,frames_inclusive,26.0,142,0.007011306966869106
temp,3,3,frames_inclusive,27.0,108,0.005332543326914531
temp,3,3,frames_inclusive,28.0,135,0.006665679158643164
temp,3,3,frames_inclusive,29.0,107,0.005283167925739397
temp,3,3,frames_inclusive,30.0,88,0.0043450353034118405
temp,3,3,frames_inclusive,31.0,69,0.003406902681084284
temp,3,3,frames_inclusive,32.0,58,0.0028637732681578037
temp,3,3,frames_inclusive,33.0,63,0.0031106502740334764
temp,3,3,frames_inclusive,34.0,43,0.0021231422505307855
temp,3,3,frames_inclusive,35.0,41,0.0020243914481805165
temp,3,3,frames_inclusive,36.0,30,0.0014812620352540364
temp,3,3,frames_inclusive,37.0,27,0.0013331358317286328
temp,3,3,frames_inclusive,38.0,36,0.0017775144423048438
temp,3,3,frames_inclusive,39.0,24,0.0011850096282032291
temp,3,3,frames_inclusive,40.0,20,0.000987508023502691
temp,3,3,frames_inclusive,41.0,22,0.0010862588258529601
temp,3,3,frames_inclusive,42.0,15,0.0007406310176270182
temp,3,3,frames_inclusive,43.0,25,0.0012343850293783636
temp,3,3,frames_inclusive,44.0,5,0.0002468770058756727
temp,3,3,frames_inclusive,45.0,12,0.0005925048141016146
temp,3,3,frames_inclusive,46.0,8,0.0003950032094010764
temp,3,3,frames_inclusive,47.0,5,0.0002468770058756727
temp,3,3,frames_inclusive,48.0,4,0.0001975016047005382
temp,3,3,frames_inclusive,49.0,4,0.0001975016047005382
temp,3,3,frames_inclusive,50.0,1,4.937540117513455e-05
temp,3,3,frames_inclusive,51.0,4,0.0001975016047005382
temp,3,3,frames_inclusive,52.0,1,4.937540117513455e-05
temp,3,3,frames_inclusive,53.0,4,0.0001975016047005382
temp,3,3,frames_inclusive,54.0,7,0.00034562780822594184
temp,3,3,frames_inclusive,55.0,2,9.87508023502691e-05
temp,3,3,frames_inclusive,57.0,1,4.937540117513455e-05
temp,3,3,frames_inclusive,58.0,3,0.00014812620352540364
temp,3,3,frames_inclusive,59.0,2,9.87508023502691e-05
temp,3,3,frames_inclusive,60.0,2,9.87508023502691e-05
temp,3,3,frames_inclusive,64.0,1,4.937540117513455e-05
temp,3,3,frames_inclusive,68.0,1,4.937540117513455e-05
temp,3,3,frames_inclusive,84.0,1,4.937540117513455e-05
temp,3,3,frames_inclusive,120.0,1,4.937540117513455e-05
temp,3,3,frames_inclusive,121.0,2,9.87508023502691e-05
temp,3,3,frames_inclusive,122.0,2,9.87508023502691e-05
temp,3,3,frames_inclusive,123.0,3,0.00014812620352540364
temp,3,3,frames_inclusive,124.0,1,4.937540117513455e-05
temp,3,3,frames_inclusive,126.0,1,4.937540117513455e-05
temp,3,7,frames_inclusive,9.0,3765,0.18626626428536092
temp,3,7,frames_inclusive,10.0,1656,0.08192747241874042
temp,3,7,frames_inclusive,11.0,1467,0.07257705437094938
temp,3,7,frames_inclusive,12.0,1294,0.06401820610498195
temp,3,7,frames_inclusive,13.0,937,0.04635630534804334
temp,3,7,frames_inclusive,14.0,909,0.044971058229852076
temp,3,7,frames_inclusive,15.0,797,0.03943006975708702
temp,3,7,frames_inclusive,16.0,736,0.036412209963884626
temp,3,7,frames_inclusive,17.0,662,0.032751199722950576
temp,3,7,frames_inclusive,18.0,593,0.029337555038836394
temp,3,7,frames_inclusive,19.0,533,0.02636916835699797
temp,3,7,frames_inclusive,20.0,458,0.022658685004699947
temp,3,7,frames_inclusive,21.0,437,0.0216197496660565
temp,3,7,frames_inclusive,22.0,382,0.018898728541037947
temp,3,7,frames_inclusive,23.0,390,0.019294513431949736
temp,3,7,frames_inclusive,24.0,329,0.016276653638747342
temp,3,7,frames_inclusive,25.0,332,0.016425072972839263
temp,3,7,frames_inclusive,26.0,285,0.014099836738732498
temp,3,7,frames_inclusive,27.0,273,0.013506159402364815
temp,3,7,frames_inclusive,28.0,288,0.01424825607282442
temp,3,7,frames_inclusive,29.0,258,0.01276406273190521
temp,3,7,frames_inclusive,30.0,260,0.012863008954633158
temp,3,7,frames_inclusive,31.0,211,0.010438826497798447
temp,3,7,frames_inclusive,32.0,213,0.010537772720526395
temp,3,7,frames_inclusive,33.0,235,0.011626181170533816
temp,3,7,frames_inclusive,34.0,195,0.009647256715974868
temp,3,7,frames_inclusive,35.0,190,0.009399891159154999
temp,3,7,frames_inclusive,36.0,173,0.008558848265967447
temp,3,7,frames_inclusive,37.0,134,0.006629396922772473
temp,3,7,frames_inclusive,38.0,155,0.00766833226141592
temp,3,7,frames_inclusive,39.0,148,0.007322020481868105
temp,3,7,frames_inclusive,40.0,121,0.0059862464750408155
temp,3,7,frames_inclusive,41.0,100,0.004947311136397368
temp,3,7,frames_inclusive,42.0,115,0.005689407806856973
temp,3,7,frames_inclusive,43.0,122,0.006035719586404789
temp,3,7,frames_inclusive,44.0,96,0.004749418690941473
temp,3,7,frames_inclusive,45.0,89,0.004403106911393658
temp,3,7,frames_inclusive,46.0,68,0.00336417157275021
temp,3,7,frames_inclusive,47.0,61,0.0030178597932023943
temp,3,7,frames_inclusive,48.0,70,0.0034631177954781577
temp,3,7,frames_inclusive,49.0,79,0.003908375797753921
temp,3,7,frames_inclusive,50.0,63,0.003116806015930342
temp,3,7,frames_inclusive,51.0,48,0.0023747093454707367
temp,3,7,frames_inclusive,52.0,64,0.0031662791272943154
temp,3,7,frames_inclusive,53.0,28,0.001385247118191263
temp,3,7,frames_inclusive,54.0,31,0.0015336664522831841
temp,3,7,frames_inclusive,55.0,42,0.0020778706772868944
temp,3,7,frames_inclusive,56.0,27,0.0013357740068272895
temp,3,7,frames_inclusive,57.0,40,0.0019789244545589473
temp,3,7,frames_inclusive,58.0,13,0.0006431504477316578
temp,3,7,frames_inclusive,59.0,19,0.0009399891159155
temp,3,7,frames_inclusive,60.0,23,0.0011378815613713946
temp,3,7,frames_inclusive,61.0,28,0.001385247118191263
temp,3,7,frames_inclusive,62.0,15,0.0007420966704596052
temp,3,7,frames_inclusive,63.0,20,0.0009894622272794737
temp,3,7,frames_inclusive,64.0,12,0.0005936773363676842
temp,3,7,frames_inclusive,65.0,15,0.0007420966704596052
temp,3,7,frames_inclusive,66.0,9,0.0004452580022757631
temp,3,7,frames_inclusive,67.0,11,0.0005442042250037105
temp,3,7,frames_inclusive,68.0,7,0.00034631177954781576
temp,3,7,frames_inclusive,69.0,13,0.0006431504477316578
temp,3,7,frames_inclusive,70.0,6,0.0002968386681838421
temp,3,7,frames_inclusive,71.0,8,0.00039578489091178943
temp,3,7,frames_inclusive,72.0,5,0.0002473655568198684
temp,3,7,frames_inclusive,73.0,4,0.00019789244545589471
temp,3,7,frames_inclusive,74.0,6,0.0002968386681838421
temp,3,7,frames_inclusive,75.0,3,0.00014841933409192104
temp,3,7,frames_inclusive,76.0,2,9.894622272794736e-05
temp,3,7,frames_inclusive,77.0,4,0.00019789244545589471
temp,3,7,frames_inclusive,78.0,6,0.0002968386681838421
temp,3,7,frames_inclusive,79.0,2,9.894622272794736e-05
temp,3,7,frames_inclusive,82.0,1,4.947311136397368e-05
temp,3,7,frames_inclusive,83.0,4,0.00019789244545589471
temp,3,7,frames_inclusive,88.0,1,4.947311136397368e-05
temp,3,7,frames_inclusive,90.0,1,4.947311136397368e-05
temp,3,7,frames_inclusive,91.0,2,9.894622272794736e-05
temp,3,7,frames_inclusive,92.0,1,4.947311136397368e-05
temp,3,7,frames_inclusive,94.0,1,4.947311136397368e-05
temp,3,7,frames_inclusive,97.0,1,4.947311136397368e-05
temp,3,7,frames_inclusive,109.0,1,4.947311136397368e-05
temp,3,7,frames_inclusive,124.0,1,4.947311136397368e-05
temp,3,7,frames_inclusive,125.0,2,9.894622272794736e-05
temp,3,7,frames_inclusive,126.0,1,4.947311136397368e-05
temp,3,7,frames_inclusive,127.0,3,0.00014841933409192104
temp,3,7,frames_inclusive,128.0,2,9.894622272794736e-05
temp,3,7,frames_inclusive,130.0,1,4.947311136397368e-05
temp,3,9,frames_inclusive,11.0,3129,0.1549546872678651
temp,3,9,frames_inclusive,12.0,1314,0.06507205467241123
temp,3,9,frames_inclusive,13.0,1247,0.06175407319368098
temp,3,9,frames_inclusive,14.0,1121,0.05551428712920319
temp,3,9,frames_inclusive,15.0,903,0.044718466795424155
temp,3,9,frames_inclusive,16.0,808,0.040013866191254396
temp,3,9,frames_inclusive,17.0,751,0.03719110582875254
temp,3,9,frames_inclusive,18.0,707,0.035012132917347595
temp,3,9,frames_inclusive,19.0,647,0.03204080621997722
temp,3,9,frames_inclusive,20.0,622,0.03080275342940623
temp,3,9,frames_inclusive,21.0,587,0.029069479522606845
temp,3,9,frames_inclusive,22.0,487,0.024117268360322883
temp,3,9,frames_inclusive,23.0,465,0.023027781904620414
temp,3,9,frames_inclusive,24.0,419,0.020749764769969793
temp,3,9,frames_inclusive,25.0,385,0.019066012974793246
temp,3,9,frames_inclusive,26.0,350,0.01733273906799386
temp,3,9,frames_inclusive,27.0,365,0.018075570742336452
temp,3,9,frames_inclusive,28.0,302,0.014955677710097558
temp,3,9,frames_inclusive,29.0,320,0.01584707571930867
temp,3,9,frames_inclusive,30.0,307,0.015203288268211757
temp,3,9,frames_inclusive,31.0,297,0.01470806715198336
temp,3,9,frames_inclusive,32.0,298,0.014757589263606201
temp,3,9,frames_inclusive,33.0,251,0.01243005001733274
temp,3,9,frames_inclusive,34.0,250,0.0123805279057099
temp,3,9,frames_inclusive,35.0,260,0.012875749021938295
temp,3,9,frames_inclusive,36.0,259,0.012826226910315456
temp,3,9,frames_inclusive,37.0,223,0.011043430891893231
temp,3,9,frames_inclusive,38.0,227,0.011241519338384588
temp,3,9,frames_inclusive,39.0,174,0.00861684742237409
temp,3,9,frames_inclusive,40.0,191,0.009458723319962363
temp,3,9,frames_inclusive,41.0,174,0.00861684742237409
temp,3,9,frames_inclusive,42.0,151,0.007477838855048779
temp,3,9,frames_inclusive,43.0,150,0.00742831674342594
temp,3,9,frames_inclusive,44.0,134,0.006635962957460506
temp,3,9,frames_inclusive,45.0,153,0.007576883078294458
temp,3,9,frames_inclusive,46.0,138,0.006834051403951865
temp,3,9,frames_inclusive,47.0,113,0.005595998613380874
temp,3,9,frames_inclusive,48.0,102,0.005051255385529639
temp,3,9,frames_inclusive,49.0,101,0.0050017332739067995
temp,3,9,frames_inclusive,50.0,101,0.0050017332739067995
temp,3,9,frames_inclusive,51.0,103,0.005100777497152479
temp,3,9,frames_inclusive,52.0,84,0.004159857376318526
temp,3,9,frames_inclusive,53.0,83,0.004110335264695687
temp,3,9,frames_inclusive,54.0,112,0.005546476501758035
temp,3,9,frames_inclusive,55.0,63,0.0031198930322388946
temp,3,9,frames_inclusive,56.0,62,0.003070370920616055
temp,3,9,frames_inclusive,57.0,55,0.002723716139256178
temp,3,9,frames_inclusive,58.0,52,0.002575149804387659
temp,3,9,frames_inclusive,59.0,47,0.0023275392462734613
temp,3,9,frames_inclusive,60.0,50,0.0024761055811419797
temp,3,9,frames_inclusive,61.0,36,0.0017827960184222255
temp,3,9,frames_inclusive,62.0,44,0.0021789729114049423
temp,3,9,frames_inclusive,63.0,40,0.001980884464913584
temp,3,9,frames_inclusive,64.0,36,0.0017827960184222255
temp,3,9,frames_inclusive,65.0,26,0.0012875749021938295
temp,3,9,frames_inclusive,66.0,37,0.001832318130045065
temp,3,9,frames_inclusive,67.0,32,0.0015847075719308671
temp,3,9,frames_inclusive,68.0,22,0.0010894864557024712
temp,3,9,frames_inclusive,69.0,23,0.0011390085673253108
temp,3,9,frames_inclusive,70.0,22,0.0010894864557024712
temp,3,9,frames_inclusive,71.0,28,0.0013866191254395088
temp,3,9,frames_inclusive,72.0,11,0.0005447432278512356
temp,3,9,frames_inclusive,73.0,10,0.000495221116228396
temp,3,9,frames_inclusive,74.0,8,0.0003961768929827168
temp,3,9,frames_inclusive,75.0,19,0.0009409201208339524
temp,3,9,frames_inclusive,76.0,8,0.0003961768929827168
temp,3,9,frames_inclusive,77.0,11,0.0005447432278512356
temp,3,9,frames_inclusive,78.0,9,0.00044569900460555636
temp,3,9,frames_inclusive,79.0,10,0.000495221116228396
temp,3,9,frames_inclusive,80.0,3,0.0001485663348685188
temp,3,9,frames_inclusive,81.0,9,0.00044569900460555636
temp,3,9,frames_inclusive,82.0,6,0.0002971326697370376
temp,3,9,frames_inclusive,83.0,1,4.95221116228396e-05
temp,3,9,frames_inclusive,84.0,1,4.95221116228396e-05
temp,3,9,frames_inclusive,85.0,6,0.0002971326697370376
temp,3,9,frames_inclusive,86.0,4,0.0001980884464913584
temp,3,9,frames_inclusive,87.0,3,0.0001485663348685188
temp,3,9,frames_inclusive,88.0,4,0.0001980884464913584
temp,3,9,frames_inclusive,89.0,2,9.90442232456792e-05
temp,3,9,frames_inclusive,90.0,3,0.0001485663348685188
temp,3,9,frames_inclusive,91.0,1,4.95221116228396e-05
temp,3,9,frames_inclusive,92.0,1,4.95221116228396e-05
temp,3,9,frames_inclusive,93.0,2,9.90442232456792e-05
temp,3,9,frames_inclusive,96.0,1,4.95221116228396e-05
temp,3,9,frames_inclusive,99.0,1,4.95221116228396e-05
temp,3,9,frames_inclusive,100.0,1,4.95221116228396e-05
temp,3,9,frames_inclusive,101.0,1,4.95221116228396e-05
temp,3,9,frames_inclusive,102.0,1,4.95221116228396e-05
temp,3,9,frames_inclusive,103.0,1,4.95221116228396e-05
temp,3,9,frames_inclusive,105.0,1,4.95221116228396e-05
temp,3,9,frames_inclusive,106.0,1,4.95221116228396e-05
temp,3,9,frames_inclusive,111.0,1,4.95221116228396e-05
temp,3,9,frames_inclusive,113.0,2,9.90442232456792e-05
temp,3,9,frames_inclusive,126.0,1,4.95221116228396e-05
temp,3,9,frames_inclusive,127.0,2,9.90442232456792e-05
temp,3,9,frames_inclusive,128.0,1,4.95221116228396e-05
temp,3,9,frames_inclusive,129.0,3,0.0001485663348685188
temp,3,9,frames_inclusive,130.0,1,4.95221116228396e-05
temp,3,9,frames_inclusive,132.0,2,9.90442232456792e-05
temp,3,11,frames_inclusive,13.0,2671,0.13240469935061716
temp,3,11,frames_inclusive,14.0,1056,0.05234719674812869
temp,3,11,frames_inclusive,15.0,1043,0.05170277103058544
temp,3,11,frames_inclusive,16.0,951,0.04714221979874089
temp,3,11,frames_inclusive,17.0,841,0.041689386804144156
temp,3,11,frames_inclusive,18.0,754,0.03737669161750855
temp,3,11,frames_inclusive,19.0,694,0.03440241907500124
temp,3,11,frames_inclusive,20.0,661,0.03276656917662222
temp,3,11,frames_inclusive,21.0,628,0.031130719278243197
temp,3,11,frames_inclusive,22.0,577,0.028602587617111982
temp,3,11,frames_inclusive,23.0,575,0.028503445199028404
temp,3,11,frames_inclusive,24.0,519,0.025727457492688247
temp,3,11,frames_inclusive,25.0,490,0.02428989243047638
temp,3,11,frames_inclusive,26.0,443,0.02196004560551232
temp,3,11,frames_inclusive,27.0,404,0.020026768452882565
temp,3,11,frames_inclusive,28.0,357,0.017696921627918506
temp,3,11,frames_inclusive,29.0,371,0.018390918554503543
temp,3,11,frames_inclusive,30.0,349,0.017300351955584197
temp,3,11,frames_inclusive,31.0,317,0.015714073266246964
temp,3,11,frames_inclusive,32.0,327,0.016209785356664848
temp,3,11,frames_inclusive,33.0,313,0.01551578843007981
temp,3,11,frames_inclusive,34.0,285,0.01412779457690973
temp,3,11,frames_inclusive,35.0,304,0.015069647548703713
temp,3,11,frames_inclusive,36.0,264,0.013086799187032172
temp,3,11,frames_inclusive,37.0,267,0.013235512814157538
temp,3,11,frames_inclusive,38.0,267,0.013235512814157538
temp,3,11,frames_inclusive,39.0,256,0.012690229514697863
temp,3,11,frames_inclusive,40.0,262,0.012987656768948594
temp,3,11,frames_inclusive,41.0,216,0.010707381153026323
temp,3,11,frames_inclusive,42.0,263,0.013037227977990383
temp,3,11,frames_inclusive,43.0,203,0.010062955435483072
temp,3,11,frames_inclusive,44.0,178,0.008823675209438359
temp,3,11,frames_inclusive,45.0,206,0.010211669062608437
temp,3,11,frames_inclusive,46.0,177,0.00877410400039657
temp,3,11,frames_inclusive,47.0,162,0.008030535864769742
temp,3,11,frames_inclusive,48.0,179,0.008873246418480146
temp,3,11,frames_inclusive,49.0,141,0.006989540474892183
temp,3,11,frames_inclusive,50.0,123,0.006097258712139989
temp,3,11,frames_inclusive,51.0,139,0.006890398056808605
temp,3,11,frames_inclusive,52.0,133,0.006592970802557874
temp,3,11,frames_inclusive,53.0,119,0.005898973875972835
temp,3,11,frames_inclusive,54.0,113,0.005601546621722104
temp,3,11,frames_inclusive,55.0,82,0.004064839141426659
temp,3,11,frames_inclusive,56.0,120,0.005948545085014623
temp,3,11,frames_inclusive,57.0,91,0.004510980022802757
temp,3,11,frames_inclusive,58.0,107,0.005304119367471372
temp,3,11,frames_inclusive,59.0,88,0.00436226639567739
temp,3,11,frames_inclusive,60.0,69,0.0034204134238834086
temp,3,11,frames_inclusive,61.0,78,0.003866554305259505
temp,3,11,frames_inclusive,62.0,58,0.002875130124423735
temp,3,11,frames_inclusive,63.0,73,0.0036186982600505627
temp,3,11,frames_inclusive,64.0,63,0.003122986169632677
temp,3,11,frames_inclusive,65.0,56,0.0027759877063401575
temp,3,11,frames_inclusive,66.0,58,0.002875130124423735
temp,3,11,frames_inclusive,67.0,35,0.0017349923164625986
temp,3,11,frames_inclusive,68.0,60,0.0029742725425073117
temp,3,11,frames_inclusive,69.0,63,0.003122986169632677
temp,3,11,frames_inclusive,70.0,41,0.0020324195707133296
temp,3,11,frames_inclusive,71.0,48,0.0023794180340058492
temp,3,11,frames_inclusive,72.0,43,0.002131561988796907
temp,3,11,frames_inclusive,73.0,36,0.001784563525504387
temp,3,11,frames_inclusive,74.0,26,0.0012888514350865017
temp,3,11,frames_inclusive,75.0,21,0.0010409953898775591
temp,3,11,frames_inclusive,76.0,18,0.0008922817627521935
temp,3,11,frames_inclusive,77.0,27,0.0013384226441282903
temp,3,11,frames_inclusive,78.0,17,0.000842710553710405
temp,3,11,frames_inclusive,79.0,14,0.0006939969265850394
temp,3,11,frames_inclusive,80.0,23,0.0011401378079611362
temp,3,11,frames_inclusive,81.0,18,0.0008922817627521935
temp,3,11,frames_inclusive,82.0,10,0.0004957120904178852
temp,3,11,frames_inclusive,83.0,20,0.0009914241808357705
temp,3,11,frames_inclusive,84.0,10,0.0004957120904178852
temp,3,11,frames_inclusive,85.0,9,0.00044614088137609676
temp,3,11,frames_inclusive,86.0,5,0.0002478560452089426
temp,3,11,frames_inclusive,87.0,8,0.0003965696723343082
temp,3,11,frames_inclusive,88.0,6,0.00029742725425073116
temp,3,11,frames_inclusive,89.0,5,0.0002478560452089426
temp,3,11,frames_inclusive,90.0,5,0.0002478560452089426
temp,3,11,frames_inclusive,91.0,3,0.00014871362712536558
temp,3,11,frames_inclusive,92.0,8,0.0003965696723343082
temp,3,11,frames_inclusive,93.0,9,0.00044614088137609676
temp,3,11,frames_inclusive,94.0,5,0.0002478560452089426
temp,3,11,frames_inclusive,95.0,2,9.914241808357706e-05
temp,3,11,frames_inclusive,96.0,2,9.914241808357706e-05
temp,3,11,frames_inclusive,97.0,2,9.914241808357706e-05
temp,3,11,frames_inclusive,99.0,1,4.957120904178853e-05
temp,3,11,frames_inclusive,100.0,2,9.914241808357706e-05
temp,3,11,frames_inclusive,101.0,1,4.957120904178853e-05
temp,3,11,frames_inclusive,102.0,2,9.914241808357706e-05
temp,3,11,frames_inclusive,103.0,1,4.957120904178853e-05
temp,3,11,frames_inclusive,104.0,1,4.957120904178853e-05
temp,3,11,frames_inclusive,105.0,3,0.00014871362712536558
temp,3,11,frames_inclusive,107.0,2,9.914241808357706e-05
temp,3,11,frames_inclusive,108.0,1,4.957120904178853e-05
temp,3,11,frames_inclusive,110.0,2,9.914241808357706e-05
temp,3,11,frames_inclusive,111.0,2,9.914241808357706e-05
temp,3,11,frames_inclusive,115.0,3,0.00014871362712536558
temp,3,11,frames_inclusive,118.0,1,4.957120904178853e-05
temp,3,11,frames_inclusive,119.0,1,4.957120904178853e-05
temp,3,11,frames_inclusive,128.0,1,4.957120904178853e-05
temp,3,11,frames_inclusive,129.0,2,9.914241808357706e-05
temp,3,11,frames_inclusive,130.0,1,4.957120904178853e-05
temp,3,11,frames_inclusive,131.0,3,0.00014871362712536558
temp,3,11,frames_inclusive,132.0,1,4.957120904178853e-05
temp,3,11,frames_inclusive,134.0,1,4.957120904178853e-05
temp,3,11,frames_inclusive,137.0,1,4.957120904178853e-05
temp,3,15,frames_inclusive,17.0,2068,0.10271693239954303
temp,3,15,frames_inclusive,18.0,690,0.03427209059752645
temp,3,15,frames_inclusive,19.0,680,0.033775393632344906
temp,3,15,frames_inclusive,20.0,682,0.033874733025381215
temp,3,15,frames_inclusive,21.0,682,0.033874733025381215
temp,3,15,frames_inclusive,22.0,652,0.032384642129836584
temp,3,15,frames_inclusive,23.0,589,0.029255451249192866
temp,3,15,frames_inclusive,24.0,494,0.02453683007996821
temp,3,15,frames_inclusive,25.0,546,0.027119654298912235
temp,3,15,frames_inclusive,26.0,561,0.027864699746684547
temp,3,15,frames_inclusive,27.0,509,0.025281875527740527
temp,3,15,frames_inclusive,28.0,485,0.024089802811304822
temp,3,15,frames_inclusive,29.0,491,0.02438782099041375
temp,3,15,frames_inclusive,30.0,464,0.023046739184423584
temp,3,15,frames_inclusive,31.0,451,0.022401033129687577
temp,3,15,frames_inclusive,32.0,356,0.017682411960462923
temp,3,15,frames_inclusive,33.0,360,0.017881090746535537
temp,3,15,frames_inclusive,34.0,353,0.01753340287090846
temp,3,15,frames_inclusive,35.0,354,0.017583072567426614
temp,3,15,frames_inclusive,36.0,345,0.017136045298763225
temp,3,15,frames_inclusive,37.0,308,0.015298266527591517
temp,3,15,frames_inclusive,38.0,289,0.014354542293746586
temp,3,15,frames_inclusive,39.0,293,0.014553221079819201
temp,3,15,frames_inclusive,40.0,325,0.016142651368400138
temp,3,15,frames_inclusive,41.0,310,0.015397605920627826
temp,3,15,frames_inclusive,42.0,287,0.014255202900710277
temp,3,15,frames_inclusive,43.0,286,0.014205533204192123
temp,3,15,frames_inclusive,44.0,289,0.014354542293746586
temp,3,15,frames_inclusive,45.0,266,0.013212139273829037
temp,3,15,frames_inclusive,46.0,295,0.01465256047285551
temp,3,15,frames_inclusive,47.0,262,0.01301346048775642
temp,3,15,frames_inclusive,48.0,201,0.009983609000149008
temp,3,15,frames_inclusive,49.0,258,0.012814781701683802
temp,3,15,frames_inclusive,50.0,265,0.013162469577310883
temp,3,15,frames_inclusive,51.0,215,0.01067898475140317
temp,3,15,frames_inclusive,52.0,225,0.011175681716584712
temp,3,15,frames_inclusive,53.0,184,0.009139224159340386
temp,3,15,frames_inclusive,54.0,187,0.009288233248894849
temp,3,15,frames_inclusive,55.0,213,0.01057964535836686
temp,3,15,frames_inclusive,56.0,167,0.008294839318531763
temp,3,15,frames_inclusive,57.0,179,0.008890875676749616
temp,3,15,frames_inclusive,58.0,174,0.008642527194158844
temp,3,15,frames_inclusive,59.0,165,0.008195499925495455
temp,3,15,frames_inclusive,60.0,130,0.006457060547360055
temp,3,15,frames_inclusive,61.0,134,0.006655739333432673
temp,3,15,frames_inclusive,62.0,121,0.006010033278696667
temp,3,15,frames_inclusive,63.0,120,0.005960363582178513
temp,3,15,frames_inclusive,64.0,113,0.005612675706551433
temp,3,15,frames_inclusive,65.0,109,0.0054139969204788155
temp,3,15,frames_inclusive,66.0,120,0.005960363582178513
temp,3,15,frames_inclusive,67.0,98,0.004867630258779119
temp,3,15,frames_inclusive,68.0,93,0.004619281776188347
temp,3,15,frames_inclusive,69.0,89,0.004420602990115731
temp,3,15,frames_inclusive,70.0,91,0.004519942383152039
temp,3,15,frames_inclusive,71.0,88,0.004370933293597576
temp,3,15,frames_inclusive,72.0,94,0.004668951472706502
temp,3,15,frames_inclusive,73.0,102,0.005066309044851736
temp,3,15,frames_inclusive,74.0,85,0.004221924204043113
temp,3,15,frames_inclusive,75.0,95,0.004718621169224656
temp,3,15,frames_inclusive,76.0,85,0.004221924204043113
temp,3,15,frames_inclusive,77.0,92,0.004569612079670193
temp,3,15,frames_inclusive,78.0,66,0.003278199970198182
temp,3,15,frames_inclusive,79.0,48,0.0023841454328714052
temp,3,15,frames_inclusive,80.0,55,0.002731833308498485
temp,3,15,frames_inclusive,81.0,49,0.0024338151293895596
temp,3,15,frames_inclusive,82.0,51,0.002533154522425868
temp,3,15,frames_inclusive,83.0,39,0.0019371181642080166
temp,3,15,frames_inclusive,84.0,32,0.0015894302885809367
temp,3,15,frames_inclusive,85.0,36,0.001788109074653554
temp,3,15,frames_inclusive,86.0,44,0.002185466646798788
temp,3,15,frames_inclusive,87.0,26,0.0012914121094720111
temp,3,15,frames_inclusive,88.0,40,0.001986787860726171
temp,3,15,frames_inclusive,89.0,31,0.0015397605920627825
temp,3,15,frames_inclusive,90.0,24,0.0011920727164357026
temp,3,15,frames_inclusive,91.0,22,0.001092733323399394
temp,3,15,frames_inclusive,92.0,14,0.0006953757512541598
temp,3,15,frames_inclusive,93.0,30,0.0014900908955446282
temp,3,15,frames_inclusive,94.0,26,0.0012914121094720111
temp,3,15,frames_inclusive,95.0,17,0.0008443848408086227
temp,3,15,frames_inclusive,96.0,8,0.00039735757214523417
temp,3,15,frames_inclusive,97.0,16,0.0007947151442904683
temp,3,15,frames_inclusive,98.0,14,0.0006953757512541598
temp,3,15,frames_inclusive,99.0,9,0.0004470272686633885
temp,3,15,frames_inclusive,100.0,4,0.00019867878607261708
temp,3,15,frames_inclusive,101.0,12,0.0005960363582178513
temp,3,15,frames_inclusive,102.0,8,0.00039735757214523417
temp,3,15,frames_inclusive,103.0,5,0.0002483484825907714
temp,3,15,frames_inclusive,104.0,9,0.0004470272686633885
temp,3,15,frames_inclusive,105.0,7,0.0003476878756270799
temp,3,15,frames_inclusive,106.0,2,9.933939303630854e-05
temp,3,15,frames_inclusive,107.0,8,0.00039735757214523417
temp,3,15,frames_inclusive,108.0,6,0.00029801817910892565
temp,3,15,frames_inclusive,109.0,3,0.00014900908955446283
temp,3,15,frames_inclusive,110.0,6,0.00029801817910892565
temp,3,15,frames_inclusive,111.0,2,9.933939303630854e-05
temp,3,15,frames_inclusive,112.0,3,0.00014900908955446283
temp,3,15,frames_inclusive,113.0,1,4.966969651815427e-05
temp,3,15,frames_inclusive,114.0,3,0.00014900908955446283
temp,3,15,frames_inclusive,115.0,4,0.00019867878607261708
temp,3,15,frames_inclusive,116.0,4,0.00019867878607261708
temp,3,15,frames_inclusive,117.0,4,0.00019867878607261708
temp,3,15,frames_inclusive,118.0,2,9.933939303630854e-05
temp,3,15,frames_inclusive,119.0,5,0.0002483484825907714
temp,3,15,frames_inclusive,120.0,2,9.933939303630854e-05
temp,3,15,frames_inclusive,121.0,3,0.00014900908955446283
temp,3,15,frames_inclusive,122.0,2,9.933939303630854e-05
temp,3,15,frames_inclusive,123.0,2,9.933939303630854e-05
temp,3,15,frames_inclusive,124.0,2,9.933939303630854e-05
temp,3,15,frames_inclusive,129.0,1,4.966969651815427e-05
temp,3,15,frames_inclusive,131.0,2,9.933939303630854e-05
temp,3,15,frames_inclusive,132.0,1,4.966969651815427e-05
temp,3,15,frames_inclusive,133.0,2,9.933939303630854e-05
temp,3,15,frames_inclusive,134.0,1,4.966969651815427e-05
temp,3,15,frames_inclusive,135.0,3,0.00014900908955446283
temp,3,15,frames_inclusive,136.0,1,4.966969651815427e-05
temp,3,15,frames_inclusive,138.0,1,4.966969651815427e-05
temp,3,15,frames_inclusive,141.0,1,4.966969651815427e-05
temp,3,29,frames_inclusive,31.0,1117,0.055869554344020404
temp,3,29,frames_inclusive,32.0,307,0.015355374381033361
temp,3,29,frames_inclusive,33.0,157,0.007852748461961687
temp,3,29,frames_inclusive,34.0,157,0.007852748461961687
temp,3,29,frames_inclusive,35.0,218,0.010903816335717501
temp,3,29,frames_inclusive,36.0,223,0.011153903866353223
temp,3,29,frames_inclusive,37.0,210,0.010503676286700346
temp,3,29,frames_inclusive,38.0,198,0.009903466213174611
temp,3,29,frames_inclusive,39.0,218,0.010903816335717501
temp,3,29,frames_inclusive,40.0,244,0.012204271495023258
temp,3,29,frames_inclusive,41.0,271,0.01355474416045616
temp,3,29,frames_inclusive,42.0,236,0.011804131446006103
temp,3,29,frames_inclusive,43.0,219,0.010953833841844646
temp,3,29,frames_inclusive,44.0,241,0.012054218976641825
temp,3,29,frames_inclusive,45.0,259,0.012954534086930425
temp,3,29,frames_inclusive,46.0,293,0.014655129295253339
temp,3,29,frames_inclusive,47.0,287,0.014355024258490471
temp,3,29,frames_inclusive,48.0,278,0.013904866703346171
temp,3,29,frames_inclusive,49.0,263,0.013154604111439004
temp,3,29,frames_inclusive,50.0,225,0.011253938878607513
temp,3,29,frames_inclusive,51.0,280,0.014004901715600461
temp,3,29,frames_inclusive,52.0,236,0.011804131446006103
temp,3,29,frames_inclusive,53.0,235,0.011754113939878958
temp,3,29,frames_inclusive,54.0,262,0.01310458660531186
temp,3,29,frames_inclusive,55.0,299,0.014955234332016206
temp,3,29,frames_inclusive,56.0,300,0.01500525183814335
temp,3,29,frames_inclusive,57.0,292,0.014605111789126194
temp,3,29,frames_inclusive,58.0,282,0.014104936727854749
temp,3,29,frames_inclusive,59.0,264,0.013204621617566149
temp,3,29,frames_inclusive,60.0,300,0.01500525183814335
temp,3,29,frames_inclusive,61.0,279,0.013954884209473316
temp,3,29,frames_inclusive,62.0,287,0.014355024258490471
temp,3,29,frames_inclusive,63.0,311,0.01555544440554194
temp,3,29,frames_inclusive,64.0,264,0.013204621617566149
temp,3,29,frames_inclusive,65.0,336,0.016805882058720554
temp,3,29,frames_inclusive,66.0,307,0.015355374381033361
temp,3,29,frames_inclusive,67.0,343,0.017156004601610562
temp,3,29,frames_inclusive,68.0,317,0.015855549442304807
temp,3,29,frames_inclusive,69.0,323,0.016155654479067673
temp,3,29,frames_inclusive,70.0,257,0.012854499074676137
temp,3,29,frames_inclusive,71.0,275,0.013754814184964737
temp,3,29,frames_inclusive,72.0,290,0.014505076776871906
temp,3,29,frames_inclusive,73.0,264,0.013204621617566149
temp,3,29,frames_inclusive,74.0,228,0.011403991396988946
temp,3,29,frames_inclusive,75.0,240,0.01200420147051468
temp,3,29,frames_inclusive,76.0,240,0.01200420147051468
temp,3,29,frames_inclusive,77.0,217,0.010853798829590356
temp,3,29,frames_inclusive,78.0,248,0.012404341519531837
temp,3,29,frames_inclusive,79.0,206,0.010303606262191766
temp,3,29,frames_inclusive,80.0,219,0.010953833841844646
temp,3,29,frames_inclusive,81.0,236,0.011804131446006103
temp,3,29,frames_inclusive,82.0,204,0.010203571249937479
temp,3,29,frames_inclusive,83.0,270,0.013504726654329014
temp,3,29,frames_inclusive,84.0,202,0.010103536237683189
temp,3,29,frames_inclusive,85.0,232,0.011604061421497525
temp,3,29,frames_inclusive,86.0,205,0.010253588756064623
temp,3,29,frames_inclusive,87.0,162,0.00810283599259741
temp,3,29,frames_inclusive,88.0,178,0.008903116090631722
temp,3,29,frames_inclusive,89.0,175,0.008753063572250287
temp,3,29,frames_inclusive,90.0,202,0.010103536237683189
temp,3,29,frames_inclusive,91.0,213,0.010653728805081778
temp,3,29,frames_inclusive,92.0,201,0.010053518731556044
temp,3,29,frames_inclusive,93.0,168,0.008402941029360277
temp,3,29,frames_inclusive,94.0,166,0.008302906017105987
temp,3,29,frames_inclusive,95.0,114,0.005701995698494473
temp,3,29,frames_inclusive,96.0,130,0.006502275796528785
temp,3,29,frames_inclusive,97.0,146,0.007302555894563097
temp,3,29,frames_inclusive,98.0,138,0.006902415845545941
temp,3,29,frames_inclusive,99.0,136,0.006802380833291652
temp,3,29,frames_inclusive,100.0,137,0.006852398339418797
temp,3,29,frames_inclusive,101.0,114,0.005701995698494473
temp,3,29,frames_inclusive,102.0,101,0.0050517681188415944
temp,3,29,frames_inclusive,103.0,116,0.0058020307107487625
temp,3,29,frames_inclusive,104.0,117,0.0058520482168759064
temp,3,29,frames_inclusive,105.0,95,0.004751663082078727
temp,3,29,frames_inclusive,106.0,69,0.0034512079227729704
temp,3,29,frames_inclusive,107.0,85,0.004251488020807282
temp,3,29,frames_inclusive,108.0,78,0.0039013654779172713
temp,3,29,frames_inclusive,109.0,90,0.004501575551443005
temp,3,29,frames_inclusive,110.0,117,0.0058520482168759064
temp,3,29,frames_inclusive,111.0,89,0.004451558045315861
temp,3,29,frames_inclusive,112.0,95,0.004751663082078727
temp,3,29,frames_inclusive,113.0,90,0.004501575551443005
temp,3,29,frames_inclusive,114.0,102,0.005101785624968739
temp,3,29,frames_inclusive,115.0,49,0.0024508578002300804
temp,3,29,frames_inclusive,116.0,71,0.0035512429350272596
temp,3,29,frames_inclusive,117.0,78,0.0039013654779172713
temp,3,29,frames_inclusive,118.0,64,0.003201120392137248
temp,3,29,frames_inclusive,119.0,56,0.002800980343120092
temp,3,29,frames_inclusive,120.0,44,0.002200770269594358
temp,3,29,frames_inclusive,121.0,37,0.0018506477267043466
temp,3,29,frames_inclusive,122.0,53,0.0026509278247386584
temp,3,29,frames_inclusive,123.0,29,0.0014505076776871906
temp,3,29,frames_inclusive,124.0,35,0.0017506127144500576
temp,3,29,frames_inclusive,125.0,31,0.0015505426899414796
temp,3,29,frames_inclusive,126.0,45,0.0022507877757215024
temp,3,29,frames_inclusive,127.0,40,0.00200070024508578
temp,3,29,frames_inclusive,128.0,28,0.001400490171560046
temp,3,29,frames_inclusive,129.0,18,0.000900315110288601
temp,3,29,frames_inclusive,130.0,41,0.0020507177512129244
temp,3,29,frames_inclusive,131.0,27,0.0013504726654329016
temp,3,29,frames_inclusive,132.0,19,0.0009503326164157455
temp,3,29,frames_inclusive,133.0,22,0.001100385134797179
temp,3,29,frames_inclusive,134.0,19,0.0009503326164157455
temp,3,29,frames_inclusive,135.0,19,0.0009503326164157455
temp,3,29,frames_inclusive,136.0,31,0.0015505426899414796
temp,3,29,frames_inclusive,137.0,24,0.001200420147051468
temp,3,29,frames_inclusive,138.0,15,0.0007502625919071675
temp,3,29,frames_inclusive,139.0,23,0.0011504026409243236
temp,3,29,frames_inclusive,140.0,18,0.000900315110288601
temp,3,29,frames_inclusive,141.0,13,0.0006502275796528785
temp,3,29,frames_inclusive,142.0,12,0.000600210073525734
temp,3,29,frames_inclusive,143.0,17,0.0008502976041614565
temp,3,29,frames_inclusive,144.0,18,0.000900315110288601
temp,3,29,frames_inclusive,145.0,18,0.000900315110288601
temp,3,29,frames_inclusive,146.0,15,0.0007502625919071675
temp,3,29,frames_inclusive,147.0,18,0.000900315110288601
temp,3,29,frames_inclusive,148.0,7,0.0003501225428900115
temp,3,29,frames_inclusive,149.0,7,0.0003501225428900115
temp,3,29,frames_inclusive,150.0,10,0.000500175061271445
temp,3,29,frames_inclusive,151.0,8,0.000400140049017156
temp,3,29,frames_inclusive,152.0,10,0.000500175061271445
temp,3,29,frames_inclusive,153.0,9,0.0004501575551443005
temp,3,29,frames_inclusive,154.0,6,0.000300105036762867
temp,3,29,frames_inclusive,155.0,20,0.00100035012254289
temp,3,29,frames_inclusive,156.0,4,0.000200070024508578
temp,3,29,frames_inclusive,157.0,6,0.000300105036762867
temp,3,29,frames_inclusive,158.0,8,0.000400140049017156
temp,3,29,frames_inclusive,159.0,19,0.0009503326164157455
temp,3,29,frames_inclusive,160.0,3,0.0001500525183814335
temp,3,29,frames_inclusive,161.0,2,0.000100035012254289
temp,3,29,frames_inclusive,163.0,6,0.000300105036762867
temp,3,29,frames_inclusive,164.0,6,0.000300105036762867
temp,3,29,frames_inclusive,165.0,1,5.00175061271445e-05
temp,3,29,frames_inclusive,166.0,3,0.0001500525183814335
temp,3,29,frames_inclusive,167.0,4,0.000200070024508578
temp,3,29,frames_inclusive,168.0,2,0.000100035012254289
temp,3,29,frames_inclusive,169.0,2,0.000100035012254289
temp,3,29,frames_inclusive,170.0,2,0.000100035012254289
temp,3,29,frames_inclusive,171.0,1,5.00175061271445e-05
temp,3,29,frames_inclusive,172.0,2,0.000100035012254289
temp,3,29,frames_inclusive,173.0,1,5.00175061271445e-05
temp,3,29,frames_inclusive,176.0,2,0.000100035012254289
temp,3,44,frames_inclusive,46.0,652,0.032857934788086476
temp,3,44,frames_inclusive,47.0,186,0.009373582623595222
temp,3,44,frames_inclusive,48.0,89,0.004485208889784811
temp,3,44,frames_inclusive,49.0,58,0.002922945119185607
temp,3,44,frames_inclusive,50.0,71,0.003578087990727209
temp,3,44,frames_inclusive,51.0,88,0.0044348132842816105
temp,3,44,frames_inclusive,52.0,77,0.003880461623746409
temp,3,44,frames_inclusive,53.0,62,0.0031245275411984075
temp,3,44,frames_inclusive,54.0,55,0.0027717583026760067
temp,3,44,frames_inclusive,55.0,99,0.004989164944816812
temp,3,44,frames_inclusive,56.0,117,0.005896285843874414
temp,3,44,frames_inclusive,57.0,78,0.003930857229249609
temp,3,44,frames_inclusive,58.0,96,0.004837978128307212
temp,3,44,frames_inclusive,59.0,113,0.005694703421861614
temp,3,44,frames_inclusive,60.0,124,0.006249055082396815
temp,3,44,frames_inclusive,61.0,91,0.004586000100791211
temp,3,44,frames_inclusive,62.0,123,0.0061986594768936145
temp,3,44,frames_inclusive,63.0,109,0.005493120999848813
temp,3,44,frames_inclusive,64.0,119,0.005997077054880814
temp,3,44,frames_inclusive,65.0,113,0.005694703421861614
temp,3,44,frames_inclusive,66.0,126,0.006349846293403215
temp,3,44,frames_inclusive,67.0,91,0.004586000100791211
temp,3,44,frames_inclusive,68.0,103,0.005190747366829613
temp,3,44,frames_inclusive,69.0,131,0.006601824320919216
temp,3,44,frames_inclusive,70.0,121,0.006097868265887214
temp,3,44,frames_inclusive,71.0,136,0.006853802348435216
temp,3,44,frames_inclusive,72.0,148,0.007458549614473618
temp,3,44,frames_inclusive,73.0,200,0.010079121100640024
temp,3,44,frames_inclusive,74.0,178,0.008970417779569622
temp,3,44,frames_inclusive,75.0,213,0.010734263972181626
temp,3,44,frames_inclusive,76.0,180,0.009071208990576021
temp,3,44,frames_inclusive,77.0,145,0.007307362797964017
temp,3,44,frames_inclusive,78.0,177,0.00892002217406642
temp,3,44,frames_inclusive,79.0,187,0.009423978229098422
temp,3,44,frames_inclusive,80.0,178,0.008970417779569622
temp,3,44,frames_inclusive,81.0,205,0.010331099128156026
temp,3,44,frames_inclusive,82.0,210,0.010583077155672025
temp,3,44,frames_inclusive,83.0,229,0.011540593660232829
temp,3,44,frames_inclusive,84.0,255,0.01285087940331603
temp,3,44,frames_inclusive,85.0,211,0.010633472761175225
temp,3,44,frames_inclusive,86.0,238,0.011994154109761629
temp,3,44,frames_inclusive,87.0,217,0.010935846394194426
temp,3,44,frames_inclusive,88.0,252,0.01269969258680643
temp,3,44,frames_inclusive,89.0,269,0.013556417880360832
temp,3,44,frames_inclusive,90.0,239,0.012044549715264828
temp,3,44,frames_inclusive,91.0,295,0.014866703623444036
temp,3,44,frames_inclusive,92.0,249,0.01254850577029683
temp,3,44,frames_inclusive,93.0,227,0.011439802449226428
temp,3,44,frames_inclusive,94.0,228,0.011490198054729627
temp,3,44,frames_inclusive,95.0,224,0.011288615632716827
temp,3,44,frames_inclusive,96.0,221,0.011137428816207226
temp,3,44,frames_inclusive,97.0,302,0.015219472861966437
temp,3,44,frames_inclusive,98.0,263,0.013254044247341631
temp,3,44,frames_inclusive,99.0,251,0.01264929698130323
temp,3,44,frames_inclusive,100.0,268,0.013506022274857633
temp,3,44,frames_inclusive,101.0,290,0.014614725595928035
temp,3,44,frames_inclusive,102.0,241,0.012145340926271229
temp,3,44,frames_inclusive,103.0,280,0.014110769540896033
temp,3,44,frames_inclusive,104.0,237,0.011943758504258429
temp,3,44,frames_inclusive,105.0,253,0.012750088192309631
temp,3,44,frames_inclusive,106.0,226,0.011389406843723228
temp,3,44,frames_inclusive,107.0,237,0.011943758504258429
temp,3,44,frames_inclusive,108.0,222,0.011187824421710426
temp,3,44,frames_inclusive,109.0,275,0.013858791513380033
temp,3,44,frames_inclusive,110.0,285,0.014362747568412035
temp,3,44,frames_inclusive,111.0,223,0.011238220027213627
temp,3,44,frames_inclusive,112.0,239,0.012044549715264828
temp,3,44,frames_inclusive,113.0,199,0.010028725495136824
temp,3,44,frames_inclusive,114.0,219,0.011036637605200827
temp,3,44,frames_inclusive,115.0,221,0.011137428816207226
temp,3,44,frames_inclusive,116.0,184,0.009272791412588821
temp,3,44,frames_inclusive,117.0,204,0.010280703522652824
temp,3,44,frames_inclusive,118.0,201,0.010129516706143224
temp,3,44,frames_inclusive,119.0,212,0.010683868366678426
temp,3,44,frames_inclusive,120.0,190,0.009575165045608023
temp,3,44,frames_inclusive,121.0,132,0.006652219926422416
temp,3,44,frames_inclusive,122.0,149,0.007508945219976818
temp,3,44,frames_inclusive,123.0,153,0.007710527641989619
temp,3,44,frames_inclusive,124.0,141,0.007105780375951217
temp,3,44,frames_inclusive,125.0,134,0.006753011137428816
temp,3,44,frames_inclusive,126.0,165,0.00831527490802802
temp,3,44,frames_inclusive,127.0,124,0.006249055082396815
temp,3,44,frames_inclusive,128.0,152,0.007660132036486418
temp,3,44,frames_inclusive,129.0,178,0.008970417779569622
temp,3,44,frames_inclusive,130.0,147,0.007408154008970417
temp,3,44,frames_inclusive,131.0,129,0.006501033109912816
temp,3,44,frames_inclusive,132.0,137,0.006904197953938417
temp,3,44,frames_inclusive,133.0,150,0.007559340825480018
temp,3,44,frames_inclusive,134.0,182,0.009172000201582422
temp,3,44,frames_inclusive,135.0,130,0.006551428715416016
temp,3,44,frames_inclusive,136.0,139,0.007004989164944817
temp,3,44,frames_inclusive,137.0,138,0.0069545935594416165
temp,3,44,frames_inclusive,138.0,104,0.005241142972332812
temp,3,44,frames_inclusive,139.0,117,0.005896285843874414
temp,3,44,frames_inclusive,140.0,109,0.005493120999848813
temp,3,44,frames_inclusive,141.0,118,0.005946681449377615
temp,3,44,frames_inclusive,142.0,126,0.006349846293403215
temp,3,44,frames_inclusive,143.0,110,0.005543516605352013
temp,3,44,frames_inclusive,144.0,78,0.003930857229249609
temp,3,44,frames_inclusive,145.0,83,0.00418283525676561
temp,3,44,frames_inclusive,146.0,110,0.005543516605352013
temp,3,44,frames_inclusive,147.0,150,0.007559340825480018
temp,3,44,frames_inclusive,148.0,120,0.006047472660384015
temp,3,44,frames_inclusive,149.0,88,0.0044348132842816105
temp,3,44,frames_inclusive,150.0,74,0.003729274807236809
temp,3,44,frames_inclusive,151.0,102,0.005140351761326412
temp,3,44,frames_inclusive,152.0,55,0.0027717583026760067
temp,3,44,frames_inclusive,153.0,69,0.0034772967797208083
temp,3,44,frames_inclusive,154.0,62,0.0031245275411984075
temp,3,44,frames_inclusive,155.0,54,0.0027213626971728066
temp,3,44,frames_inclusive,156.0,59,0.0029733407246888073
temp,3,44,frames_inclusive,157.0,59,0.0029733407246888073
temp,3,44,frames_inclusive,158.0,52,0.002620571486166406
temp,3,44,frames_inclusive,159.0,58,0.002922945119185607
temp,3,44,frames_inclusive,160.0,60,0.0030237363301920074
temp,3,44,frames_inclusive,161.0,81,0.00408204404575921
temp,3,44,frames_inclusive,162.0,73,0.003678879201733609
temp,3,44,frames_inclusive,163.0,58,0.002922945119185607
temp,3,44,frames_inclusive,164.0,51,0.002570175880663206
temp,3,44,frames_inclusive,165.0,45,0.0022678022476440053
temp,3,44,frames_inclusive,166.0,36,0.0018142417981152044
temp,3,44,frames_inclusive,167.0,26,0.001310285743083203
temp,3,44,frames_inclusive,168.0,25,0.001259890137580003
temp,3,44,frames_inclusive,169.0,23,0.0011590989265736027
temp,3,44,frames_inclusive,170.0,34,0.001713450587108804
temp,3,44,frames_inclusive,171.0,33,0.001663054981605604
temp,3,44,frames_inclusive,172.0,15,0.0007559340825480018
temp,3,44,frames_inclusive,173.0,50,0.002519780275160006
temp,3,44,frames_inclusive,174.0,58,0.002922945119185607
temp,3,44,frames_inclusive,175.0,22,0.0011087033210704026
temp,3,44,frames_inclusive,176.0,31,0.0015622637705992037
temp,3,44,frames_inclusive,177.0,15,0.0007559340825480018
temp,3,44,frames_inclusive,178.0,32,0.0016126593761024038
temp,3,44,frames_inclusive,179.0,14,0.0007055384770448017
temp,3,44,frames_inclusive,180.0,19,0.0009575165045608023
temp,3,44,frames_inclusive,181.0,18,0.0009071208990576022
temp,3,44,frames_inclusive,182.0,7,0.00035276923852240084
temp,3,44,frames_inclusive,183.0,18,0.0009071208990576022
temp,3,44,frames_inclusive,184.0,12,0.0006047472660384015
temp,3,44,frames_inclusive,185.0,13,0.0006551428715416015
temp,3,44,frames_inclusive,186.0,17,0.000856725293554402
temp,3,44,frames_inclusive,187.0,14,0.0007055384770448017
temp,3,44,frames_inclusive,188.0,4,0.00020158242201280047
temp,3,44,frames_inclusive,189.0,17,0.000856725293554402
temp,3,44,frames_inclusive,190.0,14,0.0007055384770448017
temp,3,44,frames_inclusive,191.0,13,0.0006551428715416015
temp,3,44,frames_inclusive,192.0,12,0.0006047472660384015
temp,3,44,frames_inclusive,193.0,8,0.00040316484402560095
temp,3,44,frames_inclusive,194.0,17,0.000856725293554402
temp,3,44,frames_inclusive,195.0,9,0.0004535604495288011
temp,3,44,frames_inclusive,196.0,6,0.00030237363301920074
temp,3,44,frames_inclusive,197.0,6,0.00030237363301920074
temp,3,44,frames_inclusive,198.0,2,0.00010079121100640024
temp,3,44,frames_inclusive,199.0,5,0.0002519780275160006
temp,3,44,frames_inclusive,200.0,4,0.00020158242201280047
temp,3,44,frames_inclusive,201.0,4,0.00020158242201280047
temp,3,44,frames_inclusive,202.0,3,0.00015118681650960037
temp,3,44,frames_inclusive,203.0,2,0.00010079121100640024
temp,3,44,frames_inclusive,204.0,2,0.00010079121100640024
temp,3,44,frames_inclusive,205.0,1,5.039560550320012e-05
temp,3,44,frames_inclusive,206.0,7,0.00035276923852240084
temp,3,44,frames_inclusive,207.0,4,0.00020158242201280047
temp,3,44,frames_inclusive,208.0,6,0.00030237363301920074
temp,3,44,frames_inclusive,209.0,6,0.00030237363301920074
temp,3,44,frames_inclusive,210.0,2,0.00010079121100640024
temp,3,44,frames_inclusive,211.0,7,0.00035276923852240084
temp,3,44,frames_inclusive,212.0,2,0.00010079121100640024
temp,3,44,frames_inclusive,214.0,3,0.00015118681650960037
temp,3,44,frames_inclusive,216.0,5,0.0002519780275160006
temp,3,44,frames_inclusive,217.0,2,0.00010079121100640024
temp,3,44,frames_inclusive,218.0,2,0.00010079121100640024
temp,3,44,frames_inclusive,219.0,1,5.039560550320012e-05
temp,3,44,frames_inclusive,227.0,1,5.039560550320012e-05
temp,3,44,frames_inclusive,236.0,1,5.039560550320012e-05
temp,3,44,frames_inclusive,237.0,1,5.039560550320012e-05
temp,3,44,frames_inclusive,241.0,1,5.039560550320012e-05
temp,3,44,frames_inclusive,242.0,1,5.039560550320012e-05
temp,3,49,frames_inclusive,51.0,557,0.028141262062345275
temp,3,49,frames_inclusive,52.0,150,0.007578436821098368
temp,3,49,frames_inclusive,53.0,82,0.004142878795533774
temp,3,49,frames_inclusive,54.0,46,0.002324053958470166
temp,3,49,frames_inclusive,55.0,45,0.0022735310463295106
temp,3,49,frames_inclusive,56.0,70,0.003536603849845905
temp,3,49,frames_inclusive,57.0,69,0.0034860809377052493
temp,3,49,frames_inclusive,58.0,32,0.0016167331885009852
temp,3,49,frames_inclusive,59.0,43,0.002172485222048199
temp,3,49,frames_inclusive,60.0,76,0.00383974132268984
temp,3,49,frames_inclusive,61.0,83,0.004193401707674431
temp,3,49,frames_inclusive,62.0,64,0.0032334663770019704
temp,3,49,frames_inclusive,63.0,65,0.0032839892891426263
temp,3,49,frames_inclusive,64.0,80,0.004041832971252463
temp,3,49,frames_inclusive,65.0,111,0.005608043247612792
temp,3,49,frames_inclusive,66.0,80,0.004041832971252463
temp,3,49,frames_inclusive,67.0,85,0.004294447531955742
temp,3,49,frames_inclusive,68.0,73,0.0036881725862678723
temp,3,49,frames_inclusive,69.0,81,0.004092355883393119
temp,3,49,frames_inclusive,70.0,87,0.004395493356237053
temp,3,49,frames_inclusive,71.0,122,0.006163795281160006
temp,3,49,frames_inclusive,72.0,77,0.003890264234830496
temp,3,49,frames_inclusive,73.0,85,0.004294447531955742
temp,3,49,frames_inclusive,74.0,88,0.0044460162683777095
temp,3,49,frames_inclusive,75.0,100,0.005052291214065579
temp,3,49,frames_inclusive,76.0,90,0.004547062092659021
temp,3,49,frames_inclusive,77.0,131,0.006618501490425908
temp,3,49,frames_inclusive,78.0,112,0.005658566159753449
temp,3,49,frames_inclusive,79.0,150,0.007578436821098368
temp,3,49,frames_inclusive,80.0,168,0.008487849239630172
temp,3,49,frames_inclusive,81.0,134,0.006770070226847875
temp,3,49,frames_inclusive,82.0,145,0.007325822260395089
temp,3,49,frames_inclusive,83.0,189,0.009548830394583943
temp,3,49,frames_inclusive,84.0,159,0.00803314303036427
temp,3,49,frames_inclusive,85.0,164,0.008285757591067549
temp,3,49,frames_inclusive,86.0,163,0.008235234678926893
temp,3,49,frames_inclusive,87.0,203,0.010256151164553124
temp,3,49,frames_inclusive,88.0,179,0.009043601273177385
temp,3,49,frames_inclusive,89.0,220,0.011115040670944274
temp,3,49,frames_inclusive,90.0,178,0.00899307836103673
temp,3,49,frames_inclusive,91.0,198,0.010003536603849845
temp,3,49,frames_inclusive,92.0,194,0.009801444955287222
temp,3,49,frames_inclusive,93.0,232,0.011721315616632142
temp,3,49,frames_inclusive,94.0,167,0.008437326327489517
temp,3,49,frames_inclusive,95.0,185,0.009346738746021321
temp,3,49,frames_inclusive,96.0,260,0.013135957156570505
temp,3,49,frames_inclusive,97.0,218,0.011013994846662961
temp,3,49,frames_inclusive,98.0,226,0.011418178143788208
temp,3,49,frames_inclusive,99.0,236,0.011923407265194766
temp,3,49,frames_inclusive,100.0,213,0.010761380285959682
temp,3,49,frames_inclusive,101.0,182,0.009195170009599353
temp,3,49,frames_inclusive,102.0,247,0.01247915929874198
temp,3,49,frames_inclusive,103.0,251,0.012681250947304603
temp,3,49,frames_inclusive,104.0,255,0.012883342595867226
temp,3,49,frames_inclusive,105.0,234,0.011822361440913455
temp,3,49,frames_inclusive,106.0,257,0.012984388420148537
temp,3,49,frames_inclusive,107.0,242,0.0122265447380387
temp,3,49,frames_inclusive,108.0,238,0.012024453089476077
temp,3,49,frames_inclusive,109.0,245,0.012378113474460668
temp,3,49,frames_inclusive,110.0,212,0.010710857373819027
temp,3,49,frames_inclusive,111.0,227,0.011468701055928864
temp,3,49,frames_inclusive,112.0,203,0.010256151164553124
temp,3,49,frames_inclusive,113.0,216,0.01091294902238165
temp,3,49,frames_inclusive,114.0,276,0.013944323750820997
temp,3,49,frames_inclusive,115.0,289,0.014601121608649523
temp,3,49,frames_inclusive,116.0,252,0.012731773859445258
temp,3,49,frames_inclusive,117.0,254,0.01283281968372657
temp,3,49,frames_inclusive,118.0,218,0.011013994846662961
temp,3,49,frames_inclusive,119.0,268,0.01354014045369575
temp,3,49,frames_inclusive,120.0,225,0.011367655231647553
temp,3,49,frames_inclusive,121.0,199,0.010054059515990501
temp,3,49,frames_inclusive,122.0,218,0.011013994846662961
temp,3,49,frames_inclusive,123.0,229,0.011569746880210176
temp,3,49,frames_inclusive,124.0,220,0.011115040670944274
temp,3,49,frames_inclusive,125.0,187,0.009447784570302632
temp,3,49,frames_inclusive,126.0,163,0.008235234678926893
temp,3,49,frames_inclusive,127.0,148,0.007477390996817056
temp,3,49,frames_inclusive,128.0,191,0.009649876218865256
temp,3,49,frames_inclusive,129.0,155,0.007831051381801646
temp,3,49,frames_inclusive,130.0,143,0.0072247764361137775
temp,3,49,frames_inclusive,131.0,173,0.008740463800333451
temp,3,49,frames_inclusive,132.0,155,0.007831051381801646
temp,3,49,frames_inclusive,133.0,152,0.00767948264537968
temp,3,49,frames_inclusive,134.0,163,0.008235234678926893
temp,3,49,frames_inclusive,135.0,174,0.008790986712474106
temp,3,49,frames_inclusive,136.0,164,0.008285757591067549
temp,3,49,frames_inclusive,137.0,155,0.007831051381801646
temp,3,49,frames_inclusive,138.0,112,0.005658566159753449
temp,3,49,frames_inclusive,139.0,187,0.009447784570302632
temp,3,49,frames_inclusive,140.0,169,0.008538372151770827
temp,3,49,frames_inclusive,141.0,157,0.007932097206082959
temp,3,49,frames_inclusive,142.0,168,0.008487849239630172
temp,3,49,frames_inclusive,143.0,138,0.006972161875410499
temp,3,49,frames_inclusive,144.0,176,0.008892032536755419
temp,3,49,frames_inclusive,145.0,139,0.007022684787551154
temp,3,49,frames_inclusive,146.0,155,0.007831051381801646
temp,3,49,frames_inclusive,147.0,139,0.007022684787551154
temp,3,49,frames_inclusive,148.0,131,0.006618501490425908
temp,3,49,frames_inclusive,149.0,99,0.005001768301924923
temp,3,49,frames_inclusive,150.0,116,0.005860657808316071
temp,3,49,frames_inclusive,151.0,118,0.005961703632597383
temp,3,49,frames_inclusive,152.0,131,0.006618501490425908
temp,3,49,frames_inclusive,153.0,136,0.006871116051129187
temp,3,49,frames_inclusive,154.0,105,0.005304905774768858
temp,3,49,frames_inclusive,155.0,118,0.005961703632597383
temp,3,49,frames_inclusive,156.0,135,0.006820593138988531
temp,3,49,frames_inclusive,157.0,112,0.005658566159753449
temp,3,49,frames_inclusive,158.0,89,0.004496539180518365
temp,3,49,frames_inclusive,159.0,96,0.004850199565502956
temp,3,49,frames_inclusive,160.0,73,0.0036881725862678723
temp,3,49,frames_inclusive,161.0,73,0.0036881725862678723
temp,3,49,frames_inclusive,162.0,91,0.004597585004799677
temp,3,49,frames_inclusive,163.0,70,0.003536603849845905
temp,3,49,frames_inclusive,164.0,100,0.005052291214065579
temp,3,49,frames_inclusive,165.0,89,0.004496539180518365
temp,3,49,frames_inclusive,166.0,88,0.0044460162683777095
temp,3,49,frames_inclusive,167.0,110,0.005557520335472137
temp,3,49,frames_inclusive,168.0,76,0.00383974132268984
temp,3,49,frames_inclusive,169.0,91,0.004597585004799677
temp,3,49,frames_inclusive,170.0,69,0.0034860809377052493
temp,3,49,frames_inclusive,171.0,66,0.003334512201283282
temp,3,49,frames_inclusive,172.0,61,0.003081897640580003
temp,3,49,frames_inclusive,173.0,39,0.001970393573485576
temp,3,49,frames_inclusive,174.0,53,0.0026777143434547567
temp,3,49,frames_inclusive,175.0,57,0.0028798059920173797
temp,3,49,frames_inclusive,176.0,40,0.0020209164856262317
temp,3,49,frames_inclusive,177.0,28,0.0014146415399383622
temp,3,49,frames_inclusive,178.0,42,0.002121962309907543
temp,3,49,frames_inclusive,179.0,69,0.0034860809377052493
temp,3,49,frames_inclusive,180.0,39,0.001970393573485576
temp,3,49,frames_inclusive,181.0,52,0.002627191431314101
temp,3,49,frames_inclusive,182.0,32,0.0016167331885009852
temp,3,49,frames_inclusive,183.0,31,0.0015662102763603293
temp,3,49,frames_inclusive,184.0,30,0.0015156873642196737
temp,3,49,frames_inclusive,185.0,42,0.002121962309907543
temp,3,49,frames_inclusive,186.0,27,0.0013641186277977063
temp,3,49,frames_inclusive,187.0,18,0.0009094124185318042
temp,3,49,frames_inclusive,188.0,29,0.0014651644520790178
temp,3,49,frames_inclusive,189.0,26,0.0013135957156570504
temp,3,49,frames_inclusive,190.0,22,0.0011115040670944274
temp,3,49,frames_inclusive,191.0,16,0.0008083665942504926
temp,3,49,frames_inclusive,192.0,27,0.0013641186277977063
temp,3,49,frames_inclusive,193.0,9,0.0004547062092659021
temp,3,49,frames_inclusive,194.0,24,0.001212549891375739
temp,3,49,frames_inclusive,195.0,11,0.0005557520335472137
temp,3,49,frames_inclusive,196.0,23,0.001162026979235083
temp,3,49,frames_inclusive,197.0,19,0.00095993533067246
temp,3,49,frames_inclusive,198.0,11,0.0005557520335472137
temp,3,49,frames_inclusive,199.0,22,0.0011115040670944274
temp,3,49,frames_inclusive,200.0,32,0.0016167331885009852
temp,3,49,frames_inclusive,201.0,13,0.0006567978578285252
temp,3,49,frames_inclusive,202.0,10,0.0005052291214065579
temp,3,49,frames_inclusive,203.0,15,0.0007578436821098368
temp,3,49,frames_inclusive,204.0,12,0.0006062749456878694
temp,3,49,frames_inclusive,205.0,11,0.0005557520335472137
temp,3,49,frames_inclusive,206.0,7,0.00035366038498459054
temp,3,49,frames_inclusive,207.0,9,0.0004547062092659021
temp,3,49,frames_inclusive,208.0,5,0.00025261456070327896
temp,3,49,frames_inclusive,209.0,6,0.0003031374728439347
temp,3,49,frames_inclusive,210.0,8,0.0004041832971252463
temp,3,49,frames_inclusive,211.0,13,0.0006567978578285252
temp,3,49,frames_inclusive,212.0,8,0.0004041832971252463
temp,3,49,frames_inclusive,213.0,6,0.0003031374728439347
temp,3,49,frames_inclusive,214.0,5,0.00025261456070327896
temp,3,49,frames_inclusive,215.0,5,0.00025261456070327896
temp,3,49,frames_inclusive,216.0,13,0.0006567978578285252
temp,3,49,frames_inclusive,217.0,1,5.052291214065579e-05
temp,3,49,frames_inclusive,218.0,3,0.00015156873642196736
temp,3,49,frames_inclusive,219.0,3,0.00015156873642196736
temp,3,49,frames_inclusive,220.0,1,5.052291214065579e-05
temp,3,49,frames_inclusive,221.0,5,0.00025261456070327896
temp,3,49,frames_inclusive,222.0,6,0.0003031374728439347
temp,3,49,frames_inclusive,223.0,7,0.00035366038498459054
temp,3,49,frames_inclusive,224.0,7,0.00035366038498459054
temp,3,49,frames_inclusive,225.0,2,0.00010104582428131157
temp,3,49,frames_inclusive,226.0,1,5.052291214065579e-05
temp,3,49,frames_inclusive,227.0,2,0.00010104582428131157
temp,3,49,frames_inclusive,232.0,1,5.052291214065579e-05
temp,3,49,frames_inclusive,238.0,1,5.052291214065579e-05
temp,3,49,frames_inclusive,241.0,1,5.052291214065579e-05
temp,3,49,frames_inclusive,242.0,1,5.052291214065579e-05
temp,3,49,frames_inclusive,246.0,1,5.052291214065579e-05
temp,3,49,frames_inclusive,249.0,1,5.052291214065579e-05
temp,3,49,frames_inclusive,251.0,1,5.052291214065579e-05
temp,3,49,frames_inclusive,252.0,2,0.00010104582428131157
temp,3,49,frames_inclusive,254.0,2,0.00010104582428131157
temp,3,63,frames_inclusive,65.0,376,0.01913193914415102
temp,3,63,frames_inclusive,66.0,49,0.0024932580267643615
temp,3,63,frames_inclusive,67.0,88,0.004477687884801303
temp,3,63,frames_inclusive,68.0,21,0.0010685391543275836
temp,3,63,frames_inclusive,69.0,13,0.000661476619345647
temp,3,63,frames_inclusive,70.0,50,0.0025441408436371036
temp,3,63,frames_inclusive,71.0,49,0.0024932580267643615
temp,3,63,frames_inclusive,72.0,20,0.0010176563374548414
temp,3,63,frames_inclusive,73.0,19,0.0009667735205820994
temp,3,63,frames_inclusive,74.0,37,0.0018826642242914568
temp,3,63,frames_inclusive,75.0,33,0.0016791329568004885
temp,3,63,frames_inclusive,76.0,30,0.0015264845061822622
temp,3,63,frames_inclusive,77.0,34,0.0017300157736732306
temp,3,63,frames_inclusive,78.0,42,0.002137078308655167
temp,3,63,frames_inclusive,79.0,55,0.002798554928000814
temp,3,63,frames_inclusive,80.0,43,0.0021879611255279092
temp,3,63,frames_inclusive,81.0,39,0.0019844298580369408
temp,3,63,frames_inclusive,82.0,39,0.0019844298580369408
temp,3,63,frames_inclusive,83.0,52,0.002645906477382588
temp,3,63,frames_inclusive,84.0,31,0.0015773673230550043
temp,3,63,frames_inclusive,85.0,53,0.00269678929425533
temp,3,63,frames_inclusive,86.0,39,0.0019844298580369408
temp,3,63,frames_inclusive,87.0,41,0.002086195491782425
temp,3,63,frames_inclusive,88.0,75,0.0038162112654556556
temp,3,63,frames_inclusive,89.0,59,0.003002086195491782
temp,3,63,frames_inclusive,90.0,44,0.0022388439424006513
temp,3,63,frames_inclusive,91.0,61,0.0031038518292372664
temp,3,63,frames_inclusive,92.0,62,0.0031547346461100086
temp,3,63,frames_inclusive,93.0,70,0.003561797181091945
temp,3,63,frames_inclusive,94.0,68,0.0034600315473464613
temp,3,63,frames_inclusive,95.0,71,0.003612679997964687
temp,3,63,frames_inclusive,96.0,50,0.0025441408436371036
temp,3,63,frames_inclusive,97.0,80,0.004070625349819366
temp,3,63,frames_inclusive,98.0,93,0.004732101969165013
temp,3,63,frames_inclusive,99.0,123,0.0062585864753472754
temp,3,63,frames_inclusive,100.0,134,0.006818297460947438
temp,3,63,frames_inclusive,101.0,98,0.004986516053528723
temp,3,63,frames_inclusive,102.0,101,0.00513916450414695
temp,3,63,frames_inclusive,103.0,103,0.005240930137892434
temp,3,63,frames_inclusive,104.0,108,0.005495344222256144
temp,3,63,frames_inclusive,105.0,129,0.006563883376583727
temp,3,63,frames_inclusive,106.0,121,0.006156820841601791
temp,3,63,frames_inclusive,107.0,176,0.008955375769602605
temp,3,63,frames_inclusive,108.0,130,0.00661476619345647
temp,3,63,frames_inclusive,109.0,132,0.006716531827201954
temp,3,63,frames_inclusive,110.0,133,0.006767414644074696
temp,3,63,frames_inclusive,111.0,101,0.00513916450414695
temp,3,63,frames_inclusive,112.0,153,0.007785070981529537
temp,3,63,frames_inclusive,113.0,152,0.0077341881646567955
temp,3,63,frames_inclusive,114.0,176,0.008955375769602605
temp,3,63,frames_inclusive,115.0,147,0.007479774080293085
temp,3,63,frames_inclusive,116.0,172,0.008751844502111637
temp,3,63,frames_inclusive,117.0,164,0.0083447819671297
temp,3,63,frames_inclusive,118.0,152,0.0077341881646567955
temp,3,63,frames_inclusive,119.0,197,0.01002391492393019
temp,3,63,frames_inclusive,120.0,189,0.009616852388948252
temp,3,63,frames_inclusive,121.0,221,0.011245102528875998
temp,3,63,frames_inclusive,122.0,177,0.009006258586475347
temp,3,63,frames_inclusive,123.0,172,0.008751844502111637
temp,3,63,frames_inclusive,124.0,186,0.009464203938330026
temp,3,63,frames_inclusive,125.0,179,0.009108024220220832
temp,3,63,frames_inclusive,126.0,185,0.009413321121457284
temp,3,63,frames_inclusive,127.0,156,0.007937719432147763
temp,3,63,frames_inclusive,128.0,228,0.011601282246985194
temp,3,63,frames_inclusive,129.0,219,0.011143336895130515
temp,3,63,frames_inclusive,130.0,194,0.009871266473311963
temp,3,63,frames_inclusive,131.0,155,0.007886836615275021
temp,3,63,frames_inclusive,132.0,159,0.00809036788276599
temp,3,63,frames_inclusive,133.0,198,0.010074797740802931
temp,3,63,frames_inclusive,134.0,170,0.008650078868366154
temp,3,63,frames_inclusive,135.0,185,0.009413321121457284
temp,3,63,frames_inclusive,136.0,167,0.008497430417747927
temp,3,63,frames_inclusive,137.0,170,0.008650078868366154
temp,3,63,frames_inclusive,138.0,191,0.009718618022693736
temp,3,63,frames_inclusive,139.0,247,0.012568055767567293
temp,3,63,frames_inclusive,140.0,247,0.012568055767567293
temp,3,63,frames_inclusive,141.0,248,0.012618938584440034
temp,3,63,frames_inclusive,142.0,149,0.00758153971403857
temp,3,63,frames_inclusive,143.0,174,0.00885361013585712
temp,3,63,frames_inclusive,144.0,193,0.009820383656439221
temp,3,63,frames_inclusive,145.0,173,0.008802727318984379
temp,3,63,frames_inclusive,146.0,178,0.009057141403348089
temp,3,63,frames_inclusive,147.0,179,0.009108024220220832
temp,3,63,frames_inclusive,148.0,165,0.008395664784002442
temp,3,63,frames_inclusive,149.0,204,0.010380094642039383
temp,3,63,frames_inclusive,150.0,188,0.00956596957207551
temp,3,63,frames_inclusive,151.0,154,0.00783595379840228
temp,3,63,frames_inclusive,152.0,134,0.006818297460947438
temp,3,63,frames_inclusive,153.0,175,0.008904492952729864
temp,3,63,frames_inclusive,154.0,161,0.008192133516511473
temp,3,63,frames_inclusive,155.0,163,0.008293899150256958
temp,3,63,frames_inclusive,156.0,155,0.007886836615275021
temp,3,63,frames_inclusive,157.0,163,0.008293899150256958
temp,3,63,frames_inclusive,158.0,192,0.00976950083956648
temp,3,63,frames_inclusive,159.0,202,0.0102783290082939
temp,3,63,frames_inclusive,160.0,167,0.008497430417747927
temp,3,63,frames_inclusive,161.0,199,0.010125680557675673
temp,3,63,frames_inclusive,162.0,221,0.011245102528875998
temp,3,63,frames_inclusive,163.0,186,0.009464203938330026
temp,3,63,frames_inclusive,164.0,193,0.009820383656439221
temp,3,63,frames_inclusive,165.0,156,0.007937719432147763
temp,3,63,frames_inclusive,166.0,175,0.008904492952729864
temp,3,63,frames_inclusive,167.0,187,0.009515086755202767
temp,3,63,frames_inclusive,168.0,180,0.009158907037093574
temp,3,63,frames_inclusive,169.0,141,0.007174477179056633
temp,3,63,frames_inclusive,170.0,181,0.009209789853966316
temp,3,63,frames_inclusive,171.0,173,0.008802727318984379
temp,3,63,frames_inclusive,172.0,164,0.0083447819671297
temp,3,63,frames_inclusive,173.0,161,0.008192133516511473
temp,3,63,frames_inclusive,174.0,127,0.006462117742838244
temp,3,63,frames_inclusive,175.0,106,0.00539357858851066
temp,3,63,frames_inclusive,176.0,118,0.006004172390983564
temp,3,63,frames_inclusive,177.0,115,0.0058515239403653385
temp,3,63,frames_inclusive,178.0,124,0.006309469292220017
temp,3,63,frames_inclusive,179.0,129,0.006563883376583727
temp,3,63,frames_inclusive,180.0,138,0.007021828728438407
temp,3,63,frames_inclusive,181.0,131,0.0066656490103292115
temp,3,63,frames_inclusive,182.0,128,0.006513000559710986
temp,3,63,frames_inclusive,183.0,139,0.007072711545311148
temp,3,63,frames_inclusive,184.0,143,0.007276242812802117
temp,3,63,frames_inclusive,185.0,161,0.008192133516511473
temp,3,63,frames_inclusive,186.0,140,0.00712359436218389
temp,3,63,frames_inclusive,187.0,123,0.0062585864753472754
temp,3,63,frames_inclusive,188.0,101,0.00513916450414695
temp,3,63,frames_inclusive,189.0,115,0.0058515239403653385
temp,3,63,frames_inclusive,190.0,123,0.0062585864753472754
temp,3,63,frames_inclusive,191.0,109,0.005546227039128886
temp,3,63,frames_inclusive,192.0,108,0.005495344222256144
temp,3,63,frames_inclusive,193.0,84,0.004274156617310334
temp,3,63,frames_inclusive,194.0,92,0.004681219152292271
temp,3,63,frames_inclusive,195.0,128,0.006513000559710986
temp,3,63,frames_inclusive,196.0,84,0.004274156617310334
temp,3,63,frames_inclusive,197.0,96,0.00488475041978324
temp,3,63,frames_inclusive,198.0,76,0.0038670940823283977
temp,3,63,frames_inclusive,199.0,110,0.005597109856001628
temp,3,63,frames_inclusive,200.0,63,0.0032056174629827507
temp,3,63,frames_inclusive,201.0,78,0.0039688597160738815
temp,3,63,frames_inclusive,202.0,51,0.0025950236605098457
temp,3,63,frames_inclusive,203.0,69,0.0035109143642192034
temp,3,63,frames_inclusive,204.0,67,0.003409148730473719
temp,3,63,frames_inclusive,205.0,77,0.00391797689920114
temp,3,63,frames_inclusive,206.0,63,0.0032056174629827507
temp,3,63,frames_inclusive,207.0,44,0.0022388439424006513
temp,3,63,frames_inclusive,208.0,70,0.003561797181091945
temp,3,63,frames_inclusive,209.0,53,0.00269678929425533
temp,3,63,frames_inclusive,210.0,52,0.002645906477382588
temp,3,63,frames_inclusive,211.0,58,0.0029512033786190405
temp,3,63,frames_inclusive,212.0,31,0.0015773673230550043
temp,3,63,frames_inclusive,213.0,38,0.0019335470411641989
temp,3,63,frames_inclusive,214.0,31,0.0015773673230550043
temp,3,63,frames_inclusive,215.0,37,0.0018826642242914568
temp,3,63,frames_inclusive,216.0,28,0.0014247188724367782
temp,3,63,frames_inclusive,217.0,36,0.0018317814074187146
temp,3,63,frames_inclusive,218.0,33,0.0016791329568004885
temp,3,63,frames_inclusive,219.0,33,0.0016791329568004885
temp,3,63,frames_inclusive,220.0,31,0.0015773673230550043
temp,3,63,frames_inclusive,221.0,44,0.0022388439424006513
temp,3,63,frames_inclusive,222.0,32,0.0016282501399277464
temp,3,63,frames_inclusive,223.0,33,0.0016791329568004885
temp,3,63,frames_inclusive,224.0,33,0.0016791329568004885
temp,3,63,frames_inclusive,225.0,46,0.0023406095761461356
temp,3,63,frames_inclusive,226.0,36,0.0018317814074187146
temp,3,63,frames_inclusive,227.0,43,0.0021879611255279092
temp,3,63,frames_inclusive,228.0,33,0.0016791329568004885
temp,3,63,frames_inclusive,229.0,20,0.0010176563374548414
temp,3,63,frames_inclusive,230.0,28,0.0014247188724367782
temp,3,63,frames_inclusive,231.0,30,0.0015264845061822622
temp,3,63,frames_inclusive,232.0,17,0.0008650078868366153
temp,3,63,frames_inclusive,233.0,23,0.0011703047880730678
temp,3,63,frames_inclusive,234.0,22,0.0011194219712003257
temp,3,63,frames_inclusive,235.0,16,0.0008141250699638732
temp,3,63,frames_inclusive,236.0,22,0.0011194219712003257
temp,3,63,frames_inclusive,237.0,19,0.0009667735205820994
temp,3,63,frames_inclusive,238.0,16,0.0008141250699638732
temp,3,63,frames_inclusive,239.0,23,0.0011703047880730678
temp,3,63,frames_inclusive,240.0,21,0.0010685391543275836
temp,3,63,frames_inclusive,241.0,31,0.0015773673230550043
temp,3,63,frames_inclusive,242.0,21,0.0010685391543275836
temp,3,63,frames_inclusive,243.0,14,0.0007123594362183891
temp,3,63,frames_inclusive,244.0,23,0.0011703047880730678
temp,3,63,frames_inclusive,245.0,16,0.0008141250699638732
temp,3,63,frames_inclusive,246.0,26,0.001322953238691294
temp,3,63,frames_inclusive,247.0,23,0.0011703047880730678
temp,3,63,frames_inclusive,248.0,8,0.0004070625349819366
temp,3,63,frames_inclusive,249.0,11,0.0005597109856001628
temp,3,63,frames_inclusive,250.0,11,0.0005597109856001628
temp,3,63,frames_inclusive,251.0,12,0.000610593802472905
temp,3,63,frames_inclusive,252.0,3,0.00015264845061822624
temp,3,63,frames_inclusive,253.0,3,0.00015264845061822624
temp,3,63,frames_inclusive,254.0,14,0.0007123594362183891
temp,3,63,frames_inclusive,255.0,3,0.00015264845061822624
temp,3,63,frames_inclusive,256.0,2,0.00010176563374548415
temp,3,63,frames_inclusive,257.0,10,0.0005088281687274207
temp,3,63,frames_inclusive,258.0,3,0.00015264845061822624
temp,3,63,frames_inclusive,259.0,1,5.0882816872742075e-05
temp,3,63,frames_inclusive,261.0,3,0.00015264845061822624
temp,3,63,frames_inclusive,262.0,6,0.0003052969012364525
temp,3,63,frames_inclusive,263.0,2,0.00010176563374548415
temp,3,63,frames_inclusive,265.0,2,0.00010176563374548415
temp,3,63,frames_inclusive,266.0,4,0.0002035312674909683
temp,3,63,frames_inclusive,267.0,3,0.00015264845061822624
temp,3,63,frames_inclusive,268.0,12,0.000610593802472905
temp,3,63,frames_inclusive,269.0,6,0.0003052969012364525
temp,3,63,frames_inclusive,270.0,6,0.0003052969012364525
temp,3,63,frames_inclusive,273.0,1,5.0882816872742075e-05
temp,3,63,frames_inclusive,281.0,1,5.0882816872742075e-05
temp,3,63,frames_inclusive,282.0,1,5.0882816872742075e-05
temp,3,63,frames_inclusive,284.0,2,0.00010176563374548415
temp,3,63,frames_inclusive,285.0,1,5.0882816872742075e-05
temp,3,63,frames_inclusive,290.0,1,5.0882816872742075e-05
temp,3,63,frames_inclusive,292.0,1,5.0882816872742075e-05
temp,3,63,frames_inclusive,298.0,1,5.0882816872742075e-05
